Workbook

Sheet STOK STB BJ
A1: PT SUPRACOR SEJAHTERA — DATA STOK BARANG JADI (STB BJ)
A2: Sumber: BOX_AGUSTUS.xlsx sheet "BOX" (Daily Stock Box) | Stok Awal = kolom SALDO AWAL (01 Agu 2026), Stok Akhir = kolom SALDO AKHIR
A3: TANGGAL CUT-OFF STOK AKHIR | C3: 46237
A4: BATAS "STOK KECIL" | C4: 150 | D4: PC | E4: 10 | F4: KG | G4: << sel kuning boleh diubah; UMUR & KATEGORI AGING otomatis menyesuaikan
A5: NO | B5: CUSTOMER | C5: ITEM | D5: UKURAN | E5: BERAT (KG/PC) | F5: NO. MC | G5: NO. OP | H5: TGL PRODUKSI TERAKHIR | I5: QTY ORDER | J5: STOK AWAL (PC) | K5: STOK AWAL (KG) | L5: STOK AKHIR (PC) | M5: STOK AKHIR (KG) | N5: UMUR (HARI) | O5: KATEGORI AGING | P5: KETERANGAN | Q5: INTERNAL | R5: SALES
A6: 1 | B6: AIDA ARTAN | C6: BOX SNACK BABY BOSS 20 G | D6: 460 x 344 x 295 | E6: 0.39265 | F6: A031-2600100-A1 | G6: 2607/00462 | H6: 46235 | I6: 10000 | J6: 0 | K6: 0 | L6: 9500 | M6: 3730.175 | N6: =IF(H6="","",$C$3-H6) -> 2 | O6: =IF(AND(L6<=$C$4,M6<=$E$4),"<=150pc & <=10kg",IF(N6="","TANPA TGL",IF(N6<=5,"<= 5 HARI",IF(N6<=7,"<= 7 HARI",IF(N6<=14,"<= 14 HARI","> 14 HARI"))))) -> <= 5 HARI | Q6: MIFTA | R6: NAC
A7: 2 | B7: AIR GANGGA DEWATA ALAMI, PT | C7: ECOQUA 220 ML NEW DESIGN | D7: 342 x 234 x 191 | E7: 0.21637 | F7: 0017414 | G7: 2607/01075 | H7: 46232 | I7: 80000 | J7: 1180 | K7: 255.3166 | L7: 1180 | M7: 255.3166 | N7: =IF(H7="","",$C$3-H7) -> 5 | O7: =IF(AND(L7<=$C$4,M7<=$E$4),"<=150pc & <=10kg",IF(N7="","TANPA TGL",IF(N7<=5,"<= 5 HARI",IF(N7<=7,"<= 7 HARI",IF(N7<=14,"<= 14 HARI","> 14 HARI"))))) -> <= 5 HARI | Q7: MINUK | R7: IFAN
A8: 3 | B8: AKASHA WIRA INTERNATIONAL PT TBK | C8: (56220501) WRAP AROUND CARTON BOX ADES 600 ML | D8: 400 X 237 X 268 | E8: 0.28119 | F8: 0015651F | G8: 2606/01282 | H8: 46233 | I8: 392000 | J8: 1010 | K8: 284.0019 | L8: 1010 | M8: 284.0019 | N8: =IF(H8="","",$C$3-H8) -> 4 | O8: =IF(AND(L8<=$C$4,M8<=$E$4),"<=150pc & <=10kg",IF(N8="","TANPA TGL",IF(N8<=5,"<= 5 HARI",IF(N8<=7,"<= 7 HARI",IF(N8<=14,"<= 14 HARI","> 14 HARI"))))) -> <= 5 HARI | Q8: WINDA | R8: SAMUEL
A9: 4 | B9: AKE ABADI, CV | C9: KARTON AKE 200 ML (48) MANADO | D9: 340 x 238 x 180 | E9: 0.22995 | F9: A022-2600100-A1 | G9: 2605/00660 | H9: 46221 | I9: 384000 | J9: 4260 | K9: 979.587 | L9: 4260 | M9: 979.587 | N9: =IF(H9="","",$C$3-H9) -> 16 | O9: =IF(AND(L9<=$C$4,M9<=$E$4),"<=150pc & <=10kg",IF(N9="","TANPA TGL",IF(N9<=5,"<= 5 HARI",IF(N9<=7,"<= 7 HARI",IF(N9<=14,"<= 14 HARI","> 14 HARI"))))) -> > 14 HARI | P9: SISA CONTAINER | Q9: MIFTA | R9: NAC
A10: 5 | B10: ALBEXON JAYA SUKSES MAKMUR, CV | C10: TOPLES JD 3/4 DIAMOND | D10: 369 x 369 x 152 | E10: 0.29467 | F10: BF0121 | G10: 2607/00940 | H10: 46231 | I10: 3000 | J10: 3100 | K10: 913.477 | L10: 3100 | M10: 913.477 | N10: =IF(H10="","",$C$3-H10) -> 6 | O10: =IF(AND(L10<=$C$4,M10<=$E$4),"<=150pc & <=10kg",IF(N10="","TANPA TGL",IF(N10<=5,"<= 5 HARI",IF(N10<=7,"<= 7 HARI",IF(N10<=14,"<= 14 HARI","> 14 HARI"))))) -> <= 7 HARI | Q10: MALA | R10: MIRZA
A11: 6 | B11: ALP PETRO INDUSTRY, PT | C11: (RMEA-309-PK0014) CARTON BOX KRAFT EURO 5L X 4 BOTOL | D11: 449 x 234 x 302 | E11: 0.77205 | F11: BE29312 | G11: 2607/01142 | H11: 46235 | I11: 3000 | J11: 1100 | K11: 849.255 | L11: 3140 | M11: 2424.237 | N11: =IF(H11="","",$C$3-H11) -> 2 | O11: =IF(AND(L11<=$C$4,M11<=$E$4),"<=150pc & <=10kg",IF(N11="","TANPA TGL",IF(N11<=5,"<= 5 HARI",IF(N11<=7,"<= 7 HARI",IF(N11<=14,"<= 14 HARI","> 14 HARI"))))) -> <= 5 HARI | P11: TUNGGU JADWAL | Q11: RISTA | R11: HERU
A12: 7 | B12: ANDRIANI | C12: AMDK LOE 220 ML | D12: 350 X 233 X 190 | E12: 0.19195 | F12: 0015477 | G12: 2605/01086 | H12: 46227 | I12: 80000 | J12: 3660 | K12: 702.537 | L12: 3660 | M12: 702.537 | N12: =IF(H12="","",$C$3-H12) -> 10 | O12: =IF(AND(L12<=$C$4,M12<=$E$4),"<=150pc & <=10kg",IF(N12="","TANPA TGL",IF(N12<=5,"<= 5 HARI",IF(N12<=7,"<= 7 HARI",IF(N12<=14,"<= 14 HARI","> 14 HARI"))))) -> <= 14 HARI | P12: SISA CONTAINER | Q12: MINUK | R12: IFAN
A13: 8 | B13: ANEKA RUPA TERA, PT | C13: DUS POLOS (UK. 330 X 320 X 190) | D13: 330 x 320 x 190 | E13: 0.30666 | F13: 0022867 | G13: 2607/00431 | H13: 46221 | I13: 2000 | J13: 200 | K13: 61.332 | L13: 200 | M13: 61.332 | N13: =IF(H13="","",$C$3-H13) -> 16 | O13: =IF(AND(L13<=$C$4,M13<=$E$4),"<=150pc & <=10kg",IF(N13="","TANPA TGL",IF(N13<=5,"<= 5 HARI",IF(N13<=7,"<= 7 HARI",IF(N13<=14,"<= 14 HARI","> 14 HARI"))))) -> > 14 HARI | P13: KURANG KIRIM | Q13: RISTA | R13: EDI
A14: 9 | B14: ANEKA RUPA TERA, PT | C14: DUS ART UK. 370 X 370 X 265 | D14: 370 X 370 X 265 | E14: 0.43022 | F14: 0022203 | G14: 2607/01099 | H14: 46235 | I14: 1500 | J14: 1420 | K14: 610.9124 | L14: 0 | M14: 0 | N14: =IF(H14="","",$C$3-H14) -> 2 | O14: =IF(AND(L14<=$C$4,M14<=$E$4),"<=150pc & <=10kg",IF(N14="","TANPA TGL",IF(N14<=5,"<= 5 HARI",IF(N14<=7,"<= 7 HARI",IF(N14<=14,"<= 14 HARI","> 14 HARI"))))) -> <=150pc & <=10kg | Q14: RISTA | R14: EDI
A15: 10 | B15: ANUGERAH MULIA BOX,CV | C15: FROZEN FISH POLOS K200 / M125 / K200 | D15: 495 x 310 x 95 | E15: 0.39702 | F15: BE27907X9 | G15: 2607/00826 | H15: 46227 | I15: 3200 | J15: 3700 | K15: 1468.974 | L15: 3700 | M15: 1468.974 | N15: =IF(H15="","",$C$3-H15) -> 10 | O15: =IF(AND(L15<=$C$4,M15<=$E$4),"<=150pc & <=10kg",IF(N15="","TANPA TGL",IF(N15<=5,"<= 5 HARI",IF(N15<=7,"<= 7 HARI",IF(N15<=14,"<= 14 HARI","> 14 HARI"))))) -> <= 14 HARI | P15: TUNGGU JADWAL | Q15: MALA | R15: SAMUEL
A16: 11 | B16: ANUGERAH MULIA BOX,CV | C16: POLOS 30 LBS | D16: 440 x 300 x 210 | E16: 0.71705 | F16: A004-2601500-A1 | G16: 2607/00941 | H16: 46232 | I16: 2200 | J16: 2200 | K16: 1577.51 | L16: 2200 | M16: 1577.51 | N16: =IF(H16="","",$C$3-H16) -> 5 | O16: =IF(AND(L16<=$C$4,M16<=$E$4),"<=150pc & <=10kg",IF(N16="","TANPA TGL",IF(N16<=5,"<= 5 HARI",IF(N16<=7,"<= 7 HARI",IF(N16<=14,"<= 14 HARI","> 14 HARI"))))) -> <= 5 HARI | Q16: MALA | R16: SAMUEL
A17: 12 | B17: ANUGERAH MULIA BOX,CV | C17: FROZEN NFE K125 / M125 / K110 | D17: 495 x 310 x 95 | E17: 0.28209 | F17: A004-2601700-DC | G17: 2607/01000 | H17: 46235 | I17: 14500 | J17: 11200 | K17: 3159.408 | L17: 14500 | M17: 4090.305 | N17: =IF(H17="","",$C$3-H17) -> 2 | O17: =IF(AND(L17<=$C$4,M17<=$E$4),"<=150pc & <=10kg",IF(N17="","TANPA TGL",IF(N17<=5,"<= 5 HARI",IF(N17<=7,"<= 7 HARI",IF(N17<=14,"<= 14 HARI","> 14 HARI"))))) -> <= 5 HARI | Q17: MALA | R17: SAMUEL
A18: 13 | B18: ANUGRAH MAJU KEMASINDO, PT | C18: BOX PECI NASIONAL | D18: 300 x 300 x 300 | E18: 0.31511 | F18: A025-2600600-A1 | G18: 2607/00853 | H18: 46233 | I18: 3500 | J18: 3500 | K18: 1102.885 | L18: 3500 | M18: 1102.885 | N18: =IF(H18="","",$C$3-H18) -> 4 | O18: =IF(AND(L18<=$C$4,M18<=$E$4),"<=150pc & <=10kg",IF(N18="","TANPA TGL",IF(N18<=5,"<= 5 HARI",IF(N18<=7,"<= 7 HARI",IF(N18<=14,"<= 14 HARI","> 14 HARI"))))) -> <= 5 HARI | Q18: AMEL | R18: RW
A19: 14 | B19: ARISU INDONESIA, PT | C19: HAZEL 50 REV, BOX | D19: 560 X 383 X 135 | E19: 0.48833 | F19: 0016708 | G19: 2606/00231 | H19: 46194 | I19: 3482 | J19: 390 | K19: 190.4487 | L19: 390 | M19: 190.4487 | N19: =IF(H19="","",$C$3-H19) -> 43 | O19: =IF(AND(L19<=$C$4,M19<=$E$4),"<=150pc & <=10kg",IF(N19="","TANPA TGL",IF(N19<=5,"<= 5 HARI",IF(N19<=7,"<= 7 HARI",IF(N19<=14,"<= 14 HARI","> 14 HARI"))))) -> > 14 HARI | P19: TUNGGU JADWAL | Q19: NUR | R19: WAWAN
A20: 15 | B20: ARISU INDONESIA, PT | C20: ULI D01 UK1, BOX | D20: 545 X 430 X 205 | E20: 0.59983 | F20: 0016677 | G20: 2607/00247 | H20: 46231 | I20: 15417 | J20: 1426 | K20: 855.35758 | L20: 1426 | M20: 855.35758 | N20: =IF(H20="","",$C$3-H20) -> 6 | O20: =IF(AND(L20<=$C$4,M20<=$E$4),"<=150pc & <=10kg",IF(N20="","TANPA TGL",IF(N20<=5,"<= 5 HARI",IF(N20<=7,"<= 7 HARI",IF(N20<=14,"<= 14 HARI","> 14 HARI"))))) -> <= 7 HARI | P20: TUNGGU JADWAL | Q20: NUR | R20: WAWAN
A21: 16 | B21: ARISU INDONESIA, PT | C21: ULI D01 UK1, COVER | D21: 567 X 440 X 50 | E21: 0.19873 | F21: 0016678 | G21: 2607/00248 | H21: 46231 | I21: 43353 | J21: 435 | K21: 86.44755 | L21: 435 | M21: 86.44755 | N21: =IF(H21="","",$C$3-H21) -> 6 | O21: =IF(AND(L21<=$C$4,M21<=$E$4),"<=150pc & <=10kg",IF(N21="","TANPA TGL",IF(N21<=5,"<= 5 HARI",IF(N21<=7,"<= 7 HARI",IF(N21<=14,"<= 14 HARI","> 14 HARI"))))) -> <= 7 HARI | P21: TUNGGU JADWAL | Q21: NUR | R21: WAWAN
A22: 17 | B22: AROMA DEWI, CV | C22: TEPUNG CRISPY | D22: 402 x 337 x 225 | E22: 0.40519 | F22: 0025287 | G22: 2606/01256 | H22: 46223 | I22: 10000 | J22: 5140 | K22: 2082.6766 | L22: 5140 | M22: 2082.6766 | N22: =IF(H22="","",$C$3-H22) -> 14 | O22: =IF(AND(L22<=$C$4,M22<=$E$4),"<=150pc & <=10kg",IF(N22="","TANPA TGL",IF(N22<=5,"<= 5 HARI",IF(N22<=7,"<= 7 HARI",IF(N22<=14,"<= 14 HARI","> 14 HARI"))))) -> <= 14 HARI | Q22: RISTA | R22: JONI
A23: 18 | B23: ASERA TIRTA POSIDONIA , PT | C23: BOX AMDK ASERA 48 X 220 ML | D23: 352 x 233 x 190 | E23: 0.23504 | F23: BF0128 | G23: 2607/00779 | H23: 46225 | I23: 45000 | J23: 2310 | K23: 542.9424 | L23: 2310 | M23: 542.9424 | N23: =IF(H23="","",$C$3-H23) -> 12 | O23: =IF(AND(L23<=$C$4,M23<=$E$4),"<=150pc & <=10kg",IF(N23="","TANPA TGL",IF(N23<=5,"<= 5 HARI",IF(N23<=7,"<= 7 HARI",IF(N23<=14,"<= 14 HARI","> 14 HARI"))))) -> <= 14 HARI | P23: SISA CONTAINER | Q23: WINDA | R23: SAMUEL
A24: 19 | B24: ASIA PACIFIC FIBERS, PT | C24: BOX BOTTOM JUMBO DTY 1000 "CARL WEISKE" | D24: 1,130 x 1,130 x 1,000 | E24: 9.10231 | F24: 0025359 | G24: 2607/00514 | H24: 46235 | I24: 2000 | J24: 0 | K24: 0 | L24: 350 | M24: 3185.8085 | N24: =IF(H24="","",$C$3-H24) -> 2 | O24: =IF(AND(L24<=$C$4,M24<=$E$4),"<=150pc & <=10kg",IF(N24="","TANPA TGL",IF(N24<=5,"<= 5 HARI",IF(N24<=7,"<= 7 HARI",IF(N24<=14,"<= 14 HARI","> 14 HARI"))))) -> <= 5 HARI | Q24: MAYUN | R24: BINTARA
A25: 20 | B25: ASIA PACIFIC FIBERS, PT | C25: LAYER JUMBO DTY 1 LAPIS DOUBLE WALL CW | D25: 1,130 x 1,130 | E25: 1.59357 | F25: BF0321 | G25: 2607/00517 | H25: 46235 | I25: 10000 | J25: 0 | K25: 0 | L25: 1000 | M25: 1593.57 | N25: =IF(H25="","",$C$3-H25) -> 2 | O25: =IF(AND(L25<=$C$4,M25<=$E$4),"<=150pc & <=10kg",IF(N25="","TANPA TGL",IF(N25<=5,"<= 5 HARI",IF(N25<=7,"<= 7 HARI",IF(N25<=14,"<= 14 HARI","> 14 HARI"))))) -> <= 5 HARI | P25: KURANG KIRIM | Q25: MAYUN | R25: BINTARA
A26: 21 | B26: AVIA AVIAN TBK, PT | C26: DS AVITEX TEMBOK 5 KG AW-07 | D26: 375 x 375 x 194 | E26: 0.66787 | F26: BF0062 | G26: 2606/01084 | H26: 46203 | I26: 2500 | J26: 310 | K26: 207.0397 | L26: 310 | M26: 207.0397 | N26: =IF(H26="","",$C$3-H26) -> 34 | O26: =IF(AND(L26<=$C$4,M26<=$E$4),"<=150pc & <=10kg",IF(N26="","TANPA TGL",IF(N26<=5,"<= 5 HARI",IF(N26<=7,"<= 7 HARI",IF(N26<=14,"<= 14 HARI","> 14 HARI"))))) -> > 14 HARI | P26: LEBIH PRODUKSI | Q26: WINDA | R26: SAMUEL
A27: 22 | B27: BADRI | C27: AMDK ALAS 220 ML | D27: 335 x 230 x 193 | E27: 0.18542 | F27: BE28725 | G27: 2606/00799 | H27: 46199 | I27: 12000 | J27: 2000 | K27: 370.84 | L27: 2000 | M27: 370.84 | N27: =IF(H27="","",$C$3-H27) -> 38 | O27: =IF(AND(L27<=$C$4,M27<=$E$4),"<=150pc & <=10kg",IF(N27="","TANPA TGL",IF(N27<=5,"<= 5 HARI",IF(N27<=7,"<= 7 HARI",IF(N27<=14,"<= 14 HARI","> 14 HARI"))))) -> > 14 HARI | P27: TUNGGU JADWAL | Q27: MAYUN | R27: BINTARA
A28: 23 | B28: BAMBANG HERMANTO | C28: BODY BOX SSF GOLD | D28: 647 X 490 X 210 | E28: 0.51331 | F28: 0022275F | G28: 2606/00774 | H28: 46212 | I28: 1000 | J28: 150 | K28: 76.9965 | L28: 150 | M28: 76.9965 | N28: =IF(H28="","",$C$3-H28) -> 25 | O28: =IF(AND(L28<=$C$4,M28<=$E$4),"<=150pc & <=10kg",IF(N28="","TANPA TGL",IF(N28<=5,"<= 5 HARI",IF(N28<=7,"<= 7 HARI",IF(N28<=14,"<= 14 HARI","> 14 HARI"))))) -> > 14 HARI | P28: TIDAK SET | Q28: MIFTA | R28: NAC
A29: 24 | B29: BEHAESTEX, PT | C29: DBL SR AS SUPREM 925 2025 | D29: 1,300 x 455 x 260 | E29: 2.05892 | F29: BF0244 | G29: 2606/00081 | H29: 46212 | I29: 4100 | J29: 125 | K29: 257.365 | L29: 125 | M29: 257.365 | N29: =IF(H29="","",$C$3-H29) -> 25 | O29: =IF(AND(L29<=$C$4,M29<=$E$4),"<=150pc & <=10kg",IF(N29="","TANPA TGL",IF(N29<=5,"<= 5 HARI",IF(N29<=7,"<= 7 HARI",IF(N29<=14,"<= 14 HARI","> 14 HARI"))))) -> > 14 HARI | P29: BELUM KETEMU | Q29: RISTA | R29: HERU
A30: 25 | B30: BERKAH SUMBER ABADI, CV | C30: BOX AMDK BST 220 ML NEW 2 | D30: 338 X 236 X 194 | E30: 0.21886 | F30: 0025855 | G30: 2602/01006 | H30: 46221 | I30: 80000 | J30: 880 | K30: 192.5968 | L30: 880 | M30: 192.5968 | N30: =IF(H30="","",$C$3-H30) -> 16 | O30: =IF(AND(L30<=$C$4,M30<=$E$4),"<=150pc & <=10kg",IF(N30="","TANPA TGL",IF(N30<=5,"<= 5 HARI",IF(N30<=7,"<= 7 HARI",IF(N30<=14,"<= 14 HARI","> 14 HARI"))))) -> > 14 HARI | P30: SISA CONTAINER | Q30: MAYUN | R30: BINTARA
A31: 26 | B31: BERKAT SEJAHTERA ERGA JAYA, CV | C31: ERIKO KODE V | D31: 624 X 564 X 786 | E31: 2.61148 | F31: 0023320 | G31: 2606/01178 | H31: 46213 | I31: 300 | J31: 75 | K31: 195.861 | L31: 75 | M31: 195.861 | N31: =IF(H31="","",$C$3-H31) -> 24 | O31: =IF(AND(L31<=$C$4,M31<=$E$4),"<=150pc & <=10kg",IF(N31="","TANPA TGL",IF(N31<=5,"<= 5 HARI",IF(N31<=7,"<= 7 HARI",IF(N31<=14,"<= 14 HARI","> 14 HARI"))))) -> > 14 HARI | Q31: NUR | R31: WAWAN
A32: 27 | B32: BLUE OCEAN FOODS INDONESIA , PT | C32: KARTON BRAND RADIANCE 155 G SARDINE IN TOMATO SAUCE (BROWN CRAFT) | D32: 336 x 225 x 91 | E32: 0.18057 | F32: BE28533 | G32: 2606/01045 | H32: 46203 | I32: 12300 | J32: 123 | K32: 22.21011 | L32: 123 | M32: 22.21011 | N32: =IF(H32="","",$C$3-H32) -> 34 | O32: =IF(AND(L32<=$C$4,M32<=$E$4),"<=150pc & <=10kg",IF(N32="","TANPA TGL",IF(N32<=5,"<= 5 HARI",IF(N32<=7,"<= 7 HARI",IF(N32<=14,"<= 14 HARI","> 14 HARI"))))) -> > 14 HARI | P32: LEBIH PRODUKSI | Q32: MIFTA | R32: NAC
A33: 28 | B33: BLUE OCEAN FOODS INDONESIA , PT | C33: KARTON NOSH SARDINES IN SOYBEAN OIL WITH CHILLI | D33: 313 x 213 x 128 | E33: 0.19048 | F33: BE29432 | G33: 2607/00833 | H33: 46225 | I33: 3600 | J33: 100 | K33: 19.048 | L33: 100 | M33: 19.048 | N33: =IF(H33="","",$C$3-H33) -> 12 | O33: =IF(AND(L33<=$C$4,M33<=$E$4),"<=150pc & <=10kg",IF(N33="","TANPA TGL",IF(N33<=5,"<= 5 HARI",IF(N33<=7,"<= 7 HARI",IF(N33<=14,"<= 14 HARI","> 14 HARI"))))) -> <= 14 HARI | P33: TUNGGU JADWAL | Q33: MIFTA | R33: NAC
A34: 29 | B34: BONDVAST INDO SUKSES, PT | C34: P-NK-12001200-ID SERAT LAYER (GARIS TEKAN / DIECUT) | D34: 1,200 x 1,200 | E34: 0.8208 | F34: 0026591F | G34: 2607/00072 | H34: 46235 | I34: 4600 | J34: 1720 | K34: 1411.776 | L34: 1978 | M34: 1623.5424 | N34: =IF(H34="","",$C$3-H34) -> 2 | O34: =IF(AND(L34<=$C$4,M34<=$E$4),"<=150pc & <=10kg",IF(N34="","TANPA TGL",IF(N34<=5,"<= 5 HARI",IF(N34<=7,"<= 7 HARI",IF(N34<=14,"<= 14 HARI","> 14 HARI"))))) -> <= 5 HARI | P34: LEBIH PRODUKSI | Q34: MALA | R34: MIRZA
A35: 30 | B35: BONDVAST INDO SUKSES, PT | C35: P-NY-16201011-ID SERAT LAYER (GARIS TEKAN) | D35: 1,011 x 1,620 | E35: 0.93356 | F35: B009-2600500-DC | G35: 2607/00924 | H35: 46233 | I35: 4475 | J35: 520 | K35: 485.4512 | L35: 520 | M35: 485.4512 | N35: =IF(H35="","",$C$3-H35) -> 4 | O35: =IF(AND(L35<=$C$4,M35<=$E$4),"<=150pc & <=10kg",IF(N35="","TANPA TGL",IF(N35<=5,"<= 5 HARI",IF(N35<=7,"<= 7 HARI",IF(N35<=14,"<= 14 HARI","> 14 HARI"))))) -> <= 5 HARI | Q35: MALA | R35: MIRZA
A36: 31 | B36: BUANA MAHAYASA SAKTI | C36: BOX 106 GR BOTTOM | D36: 655 x 375 x 106 | E36: 0.34193 | F36: B013-2600100-DB | G36: 2607/00093 | H36: 46215 | I36: 2500 | J36: 300 | K36: 102.579 | L36: 0 | M36: 0 | N36: =IF(H36="","",$C$3-H36) -> 22 | O36: =IF(AND(L36<=$C$4,M36<=$E$4),"<=150pc & <=10kg",IF(N36="","TANPA TGL",IF(N36<=5,"<= 5 HARI",IF(N36<=7,"<= 7 HARI",IF(N36<=14,"<= 14 HARI","> 14 HARI"))))) -> <=150pc & <=10kg | P36: TUNGGU JADWAL | Q36: MAYUN | R36: BINTARA
A37: 32 | B37: BUANA MAHAYASA SAKTI | C37: BOX 106 GR TOP | D37: 675 x 385 x 50 | E37: 0.1693 | F37: B013-2600100-DT | G37: 2607/00093 | H37: 46215 | I37: 2500 | J37: 300 | K37: 50.79 | L37: 0 | M37: 0 | N37: =IF(H37="","",$C$3-H37) -> 22 | O37: =IF(AND(L37<=$C$4,M37<=$E$4),"<=150pc & <=10kg",IF(N37="","TANPA TGL",IF(N37<=5,"<= 5 HARI",IF(N37<=7,"<= 7 HARI",IF(N37<=14,"<= 14 HARI","> 14 HARI"))))) -> <=150pc & <=10kg | P37: TUNGGU JADWAL | Q37: MAYUN | R37: BINTARA
A38: 33 | B38: BUANA MAHAYASA SAKTI | C38: BOX 86 GR BOTTOM | D38: 655 x 375 x 86 | E38: 0.29586 | F38: B013-2600200-DB | G38: 2607/00094 | H38: 46223 | I38: 2500 | J38: 1300 | K38: 384.618 | L38: 0 | M38: 0 | N38: =IF(H38="","",$C$3-H38) -> 14 | O38: =IF(AND(L38<=$C$4,M38<=$E$4),"<=150pc & <=10kg",IF(N38="","TANPA TGL",IF(N38<=5,"<= 5 HARI",IF(N38<=7,"<= 7 HARI",IF(N38<=14,"<= 14 HARI","> 14 HARI"))))) -> <=150pc & <=10kg | P38: TUNGGU JADWAL | Q38: MAYUN | R38: BINTARA
A39: 34 | B39: BUANA MAHAYASA SAKTI | C39: BOX 86 GR TOP | D39: 675 x 385 x 46 | E39: 0.1646 | F39: B013-2600200-DT | G39: 2607/00094 | H39: 46222 | I39: 2500 | J39: 1300 | K39: 213.98 | L39: 0 | M39: 0 | N39: =IF(H39="","",$C$3-H39) -> 15 | O39: =IF(AND(L39<=$C$4,M39<=$E$4),"<=150pc & <=10kg",IF(N39="","TANPA TGL",IF(N39<=5,"<= 5 HARI",IF(N39<=7,"<= 7 HARI",IF(N39<=14,"<= 14 HARI","> 14 HARI"))))) -> <=150pc & <=10kg | P39: TUNGGU JADWAL | Q39: MAYUN | R39: BINTARA
A40: 35 | B40: BUANA MAHAYASA SAKTI CV | C40: BOTT 134 (653 X 365 X 134) TANPA LOGO BMS | D40: 655 X 366 X 134 | E40: 0.34495 | F40: 0026596F | G40: 2601/00538 | H40: 46155 | I40: 3000 | J40: 195 | K40: 67.26525 | L40: 195 | M40: 67.26525 | N40: =IF(H40="","",$C$3-H40) -> 82 | O40: =IF(AND(L40<=$C$4,M40<=$E$4),"<=150pc & <=10kg",IF(N40="","TANPA TGL",IF(N40<=5,"<= 5 HARI",IF(N40<=7,"<= 7 HARI",IF(N40<=14,"<= 14 HARI","> 14 HARI"))))) -> > 14 HARI | P40: TUNGGU JADWAL | Q40: MAYUN | R40: BINTARA
A41: 36 | B41: BUANA MAHAYASA SAKTI CV | C41: TOP 134 | D41: 670 X 375 X 65 | E41: 0.17978 | F41: 0026714 | G41: 2601/00538 | H41: 46156 | I41: 3000 | J41: 259 | K41: 46.56302 | L41: 259 | M41: 46.56302 | N41: =IF(H41="","",$C$3-H41) -> 81 | O41: =IF(AND(L41<=$C$4,M41<=$E$4),"<=150pc & <=10kg",IF(N41="","TANPA TGL",IF(N41<=5,"<= 5 HARI",IF(N41<=7,"<= 7 HARI",IF(N41<=14,"<= 14 HARI","> 14 HARI"))))) -> > 14 HARI | P41: TUNGGU JADWAL | Q41: MAYUN | R41: BINTARA
A42: 37 | B42: BUANA MAHAYASA SAKTI CV | C42: TOP 102 | D42: 672 X 381 X 52 | E42: 0.16506 | F42: 0026628 | G42: 2604/00311 | H42: 46134 | I42: 4000 | J42: 504 | K42: 83.19024 | L42: 504 | M42: 83.19024 | N42: =IF(H42="","",$C$3-H42) -> 103 | O42: =IF(AND(L42<=$C$4,M42<=$E$4),"<=150pc & <=10kg",IF(N42="","TANPA TGL",IF(N42<=5,"<= 5 HARI",IF(N42<=7,"<= 7 HARI",IF(N42<=14,"<= 14 HARI","> 14 HARI"))))) -> > 14 HARI | P42: TUNGGU JADWAL | Q42: MAYUN | R42: BINTARA
A43: 38 | B43: BUANA MAHAYASA SAKTI CV | C43: STANDAR BOTTOM 122 (653 X 365 X 122 MM) TANPA LOGO BMS | D43: 653 X 364 X 122 | E43: 0.31728 | F43: 0026507F | G43: 2605/00809 | H43: 46221 | I43: 4000 | J43: 1706 | K43: 541.27968 | L43: 306 | M43: 97.08768 | N43: =IF(H43="","",$C$3-H43) -> 16 | O43: =IF(AND(L43<=$C$4,M43<=$E$4),"<=150pc & <=10kg",IF(N43="","TANPA TGL",IF(N43<=5,"<= 5 HARI",IF(N43<=7,"<= 7 HARI",IF(N43<=14,"<= 14 HARI","> 14 HARI"))))) -> > 14 HARI | P43: TUNGGU JADWAL | Q43: MAYUN | R43: BINTARA
A44: 39 | B44: BUANA MAHAYASA SAKTI CV | C44: TOP 122 | D44: 672 X 374 X 62 | E44: 0.1764 | F44: 0026509 | G44: 2605/00809 | H44: 46214 | I44: 4000 | J44: 1605 | K44: 283.122 | L44: 205 | M44: 36.162 | N44: =IF(H44="","",$C$3-H44) -> 23 | O44: =IF(AND(L44<=$C$4,M44<=$E$4),"<=150pc & <=10kg",IF(N44="","TANPA TGL",IF(N44<=5,"<= 5 HARI",IF(N44<=7,"<= 7 HARI",IF(N44<=14,"<= 14 HARI","> 14 HARI"))))) -> > 14 HARI | P44: TUNGGU JADWAL | Q44: MAYUN | R44: BINTARA
A45: 40 | B45: CAHAYA BINTANG PLASTINDO,PT | C45: DUS PACK OTC LUXURY 3P PACK A | D45: 910 x 440 x 405 | E45: 1.66664 | F45: C009-2600300-A1 | G45: 2606/00259 | H45: 46206 | I45: 1000 | J45: 1000 | K45: 1666.64 | L45: 1000 | M45: 1666.64 | N45: =IF(H45="","",$C$3-H45) -> 31 | O45: =IF(AND(L45<=$C$4,M45<=$E$4),"<=150pc & <=10kg",IF(N45="","TANPA TGL",IF(N45<=5,"<= 5 HARI",IF(N45<=7,"<= 7 HARI",IF(N45<=14,"<= 14 HARI","> 14 HARI"))))) -> > 14 HARI | P45: TUNGGU JADWAL | Q45: MALA | R45: MIRZA
A46: 41 | B46: CAHAYA BINTANG PLASTINDO,PT | C46: DUS PACK OTC LUXURY 3P PACK B | D46: 885 x 525 x 575 | E46: 2.27376 | F46: C009-2600400-A1 | G46: 2607/00701 | H46: 46236 | I46: 1000 | J46: 0 | K46: 0 | L46: 1024 | M46: 2328.3302 | N46: =IF(H46="","",$C$3-H46) -> 1 | O46: =IF(AND(L46<=$C$4,M46<=$E$4),"<=150pc & <=10kg",IF(N46="","TANPA TGL",IF(N46<=5,"<= 5 HARI",IF(N46<=7,"<= 7 HARI",IF(N46<=14,"<= 14 HARI","> 14 HARI"))))) -> <= 5 HARI | Q46: MALA | R46: MIRZA
A47: 42 | B47: CAHAYA BUKIT SUKA, PT | C47: BHUMI ALAMI 16 | D47: 545 x 368 x 380 | E47: 1.12671 | F47: BF0270 | G47: 2607/01029 | H47: 46234 | I47: 3000 | J47: 3150 | K47: 3549.1365 | L47: 0 | M47: 0 | N47: =IF(H47="","",$C$3-H47) -> 3 | O47: =IF(AND(L47<=$C$4,M47<=$E$4),"<=150pc & <=10kg",IF(N47="","TANPA TGL",IF(N47<=5,"<= 5 HARI",IF(N47<=7,"<= 7 HARI",IF(N47<=14,"<= 14 HARI","> 14 HARI"))))) -> <=150pc & <=10kg | Q47: AMINAH | R47: YOSUA
A48: 43 | B48: CENDRAWASIH DWIMEGA KENCANA | C48: AMDK CENDRAQUA 220 ML | D48: 337 x 223 x 191 | E48: 0.2162 | F48: BF0027 | G48: 2602/00978 | H48: 46080 | I48: 48000 | J48: 1980 | K48: 428.076 | L48: 1980 | M48: 428.076 | N48: =IF(H48="","",$C$3-H48) -> 157 | O48: =IF(AND(L48<=$C$4,M48<=$E$4),"<=150pc & <=10kg",IF(N48="","TANPA TGL",IF(N48<=5,"<= 5 HARI",IF(N48<=7,"<= 7 HARI",IF(N48<=14,"<= 14 HARI","> 14 HARI"))))) -> > 14 HARI | P48: SISA CONTAINER | Q48: AMINAH | R48: SAMUEL
A49: 44 | B49: CENDRAWASIH DWIMEGA KENCANA | C49: AMDK CENDRAQUA 220 ML | D49: 337 x 223 x 191 | E49: 0.21765 | F49: BF0027-01 | G49: 2607/00080 | H49: 46210 | I49: 41320 | J49: 2000 | K49: 435.3 | L49: 2000 | M49: 435.3 | N49: =IF(H49="","",$C$3-H49) -> 27 | O49: =IF(AND(L49<=$C$4,M49<=$E$4),"<=150pc & <=10kg",IF(N49="","TANPA TGL",IF(N49<=5,"<= 5 HARI",IF(N49<=7,"<= 7 HARI",IF(N49<=14,"<= 14 HARI","> 14 HARI"))))) -> > 14 HARI | P49: SISA CONTAINER | Q49: AMINAH | R49: SAMUEL
A50: 45 | B50: CENTRALPERTIWI BAHARI . PT | C50: MC BLANK BROWN | D50: 575 x 380 x 170 | E50: 0.87434 | F50: C019-2600300-A1 | G50: 2607/00485 | H50: 46234 | I50: 3000 | J50: 3000 | K50: 2623.02 | L50: 0 | M50: 0 | N50: =IF(H50="","",$C$3-H50) -> 3 | O50: =IF(AND(L50<=$C$4,M50<=$E$4),"<=150pc & <=10kg",IF(N50="","TANPA TGL",IF(N50<=5,"<= 5 HARI",IF(N50<=7,"<= 7 HARI",IF(N50<=14,"<= 14 HARI","> 14 HARI"))))) -> <=150pc & <=10kg | Q50: MIFTA | R50: NAC
A51: 46 | B51: CHAROEN POKPHAND INDONESIA TBK, PT | C51: MC CP BRAND K200 NEW NKV | D51: 445 x 273 x 175 | E51: 0.63237 | F51: C023-2600101-DC | G51: 2605/01029 | H51: 46217 | I51: 15000 | J51: 360 | K51: 227.6532 | L51: 360 | M51: 227.6532 | N51: =IF(H51="","",$C$3-H51) -> 20 | O51: =IF(AND(L51<=$C$4,M51<=$E$4),"<=150pc & <=10kg",IF(N51="","TANPA TGL",IF(N51<=5,"<= 5 HARI",IF(N51<=7,"<= 7 HARI",IF(N51<=14,"<= 14 HARI","> 14 HARI"))))) -> > 14 HARI | P51: KURANG KIRIM | Q51: NUR | R51: MIRZA
A52: 47 | B52: CHAROEN POKPHAND INDONESIA, PT | C52: MC FIESTA RTG NEW ISI 6 BOX | D52: 465 x 195 x 165 | E52: 0.39059 | F52: BF0238 | G52: 2603/00918 | H52: 46163 | I52: 20000 | J52: 120 | K52: 46.8708 | L52: 120 | M52: 46.8708 | N52: =IF(H52="","",$C$3-H52) -> 74 | O52: =IF(AND(L52<=$C$4,M52<=$E$4),"<=150pc & <=10kg",IF(N52="","TANPA TGL",IF(N52<=5,"<= 5 HARI",IF(N52<=7,"<= 7 HARI",IF(N52<=14,"<= 14 HARI","> 14 HARI"))))) -> > 14 HARI | P52: LEBIH PRODUKSI | Q52: NUR | R52: MIRZA
A53: 48 | B53: CHAROEN POKPHAND INDONESIA, PT | C53: MC OKEY SAUSAGE NEW NKV | D53: 380 x 265 x 155 | E53: 0.42938 | F53: C002-2600402-A1 | G53: 2605/01032 | H53: 46234 | I53: 40000 | J53: 5250 | K53: 2254.245 | L53: 0 | M53: 0 | N53: =IF(H53="","",$C$3-H53) -> 3 | O53: =IF(AND(L53<=$C$4,M53<=$E$4),"<=150pc & <=10kg",IF(N53="","TANPA TGL",IF(N53<=5,"<= 5 HARI",IF(N53<=7,"<= 7 HARI",IF(N53<=14,"<= 14 HARI","> 14 HARI"))))) -> <=150pc & <=10kg | Q53: NUR | R53: MIRZA
A54: 49 | B54: CHAROEN POKPHAND INDONESIA, PT | C54: MC AKUMO 500GR NEW NKV | D54: 405 x 240 x 175 | E54: 0.42552 | F54: C023-2600400-A1 | G54: 2605/01043 | H54: 46234 | I54: 10000 | J54: 5290 | K54: 2251.0008 | L54: 0 | M54: 0 | N54: =IF(H54="","",$C$3-H54) -> 3 | O54: =IF(AND(L54<=$C$4,M54<=$E$4),"<=150pc & <=10kg",IF(N54="","TANPA TGL",IF(N54<=5,"<= 5 HARI",IF(N54<=7,"<= 7 HARI",IF(N54<=14,"<= 14 HARI","> 14 HARI"))))) -> <=150pc & <=10kg | Q54: NUR | R54: MIRZA
A55: 50 | B55: CHAROEN POKPHAND JAYA FARM,PT | C55: BOX DOC HY LINE | D55: 665 x 493 x 141 | E55: 0.52755 | F55: 0025818F | G55: 2607/00674 | H55: 46229 | I55: 2500 | J55: 125 | K55: 65.94375 | L55: 125 | M55: 65.94375 | N55: =IF(H55="","",$C$3-H55) -> 8 | O55: =IF(AND(L55<=$C$4,M55<=$E$4),"<=150pc & <=10kg",IF(N55="","TANPA TGL",IF(N55<=5,"<= 5 HARI",IF(N55<=7,"<= 7 HARI",IF(N55<=14,"<= 14 HARI","> 14 HARI"))))) -> <= 14 HARI | P55: LEBIH PRODUKSI | Q55: MALA | R55: MIRZA
A56: 51 | B56: CHAROEN POKPHAND JAYA FARM.PT | C56: DOC CP707 (BOTTOM) | D56: 665 X 493 X 141 | E56: 0.52755 | F56: 0023200F | G56: 2607/00161 | H56: 46229 | I56: 15000 | J56: 1150 | K56: 606.6825 | L56: 1150 | M56: 606.6825 | N56: =IF(H56="","",$C$3-H56) -> 8 | O56: =IF(AND(L56<=$C$4,M56<=$E$4),"<=150pc & <=10kg",IF(N56="","TANPA TGL",IF(N56<=5,"<= 5 HARI",IF(N56<=7,"<= 7 HARI",IF(N56<=14,"<= 14 HARI","> 14 HARI"))))) -> <= 14 HARI | P56: LEBIH PRODUKSI | Q56: MALA | R56: IWAN
A57: 52 | B57: CHAROEN POKPHAND JAYA FARM.PT | C57: TOP DOC CP707 | D57: 612 X 452 X 35 | E57: 0.17943 | F57: 0023274F2 | G57: 2607/00161 | H57: 46230 | I57: 15000 | J57: 1150 | K57: 206.3445 | L57: 1150 | M57: 206.3445 | N57: =IF(H57="","",$C$3-H57) -> 7 | O57: =IF(AND(L57<=$C$4,M57<=$E$4),"<=150pc & <=10kg",IF(N57="","TANPA TGL",IF(N57<=5,"<= 5 HARI",IF(N57<=7,"<= 7 HARI",IF(N57<=14,"<= 14 HARI","> 14 HARI"))))) -> <= 7 HARI | P57: LEBIH PRODUKSI | Q57: MALA | R57: IWAN
A58: 53 | B58: CHEIL JEDANG INDONESIA, PT | C58: 702659 BOX/MIPOONG 250 GRAM REV.1 | D58: 358 x 293 x 206 | E58: 0.73278 | F58: C003-2600300-DC | G58: 2605/00766 | H58: 46199 | I58: 8000 | J58: 1000 | K58: 732.78 | L58: 1000 | M58: 732.78 | N58: =IF(H58="","",$C$3-H58) -> 38 | O58: =IF(AND(L58<=$C$4,M58<=$E$4),"<=150pc & <=10kg",IF(N58="","TANPA TGL",IF(N58<=5,"<= 5 HARI",IF(N58<=7,"<= 7 HARI",IF(N58<=14,"<= 14 HARI","> 14 HARI"))))) -> > 14 HARI | P58: TUNGGU JADWAL | Q58: NUR | R58: YOSUA
A59: 54 | B59: CITRA ANEKA PANGAN, CV | C59: BOX LOVELY | D59: 344 X 220 X 291 | E59: 0.58663 | F59: 0021048 | G59: 2607/00585 | H59: 46224 | I59: 3000 | J59: 100 | K59: 58.663 | L59: 100 | M59: 58.663 | N59: =IF(H59="","",$C$3-H59) -> 13 | O59: =IF(AND(L59<=$C$4,M59<=$E$4),"<=150pc & <=10kg",IF(N59="","TANPA TGL",IF(N59<=5,"<= 5 HARI",IF(N59<=7,"<= 7 HARI",IF(N59<=14,"<= 14 HARI","> 14 HARI"))))) -> <= 14 HARI | Q59: RISTA | R59: EDI
A60: 55 | B60: DIA LAXMI | C60: AMDK ABI 220 ML | D60: 350 x 233 x 192 | E60: 0.21773 | F60: BE29334 | G60: 2607/01098 | H60: 46234 | I60: 25000 | J60: 0 | K60: 0 | L60: 900 | M60: 195.957 | N60: =IF(H60="","",$C$3-H60) -> 3 | O60: =IF(AND(L60<=$C$4,M60<=$E$4),"<=150pc & <=10kg",IF(N60="","TANPA TGL",IF(N60<=5,"<= 5 HARI",IF(N60<=7,"<= 7 HARI",IF(N60<=14,"<= 14 HARI","> 14 HARI"))))) -> <= 5 HARI | Q60: WINDA | R60: SAMUEL
A61: 56 | B61: DINAMIKA MEGATAMA CITRA.PT | C61: BOX DOC PRINT (TUTUP) | D61: 615 X 452 X 35 | E61: 0.18048 | F61: 0023001F2 | G61: 2606/00651 | H61: 46226 | I61: 10000 | J61: 2860 | K61: 516.1728 | L61: 800 | M61: 144.384 | N61: =IF(H61="","",$C$3-H61) -> 11 | O61: =IF(AND(L61<=$C$4,M61<=$E$4),"<=150pc & <=10kg",IF(N61="","TANPA TGL",IF(N61<=5,"<= 5 HARI",IF(N61<=7,"<= 7 HARI",IF(N61<=14,"<= 14 HARI","> 14 HARI"))))) -> <= 14 HARI | P61: LEBIH PRODUKSI | Q61: MALA | R61: IWAN
A62: 57 | B62: DUA KELINCI, PT | C62: (4072663) BOX TIC TAC 80G OPTION 8 VARIAN | D62: 530 x 220 x 275 | E62: 0.3782 | F62: D004-2600700-A1 | G62: 2606/00437 | H62: 46213 | I62: 10000 | J62: 1800 | K62: 680.76 | L62: 1800 | M62: 680.76 | N62: =IF(H62="","",$C$3-H62) -> 24 | O62: =IF(AND(L62<=$C$4,M62<=$E$4),"<=150pc & <=10kg",IF(N62="","TANPA TGL",IF(N62<=5,"<= 5 HARI",IF(N62<=7,"<= 7 HARI",IF(N62<=14,"<= 14 HARI","> 14 HARI"))))) -> > 14 HARI | P62: TUNGGU JADWAL | Q62: RISTA | R62: HERU
A63: 58 | B63: DUA KELINCI, PT | C63: (4071175) BOX KUACI FUZO 130G OPT | D63: 500 x 230 x 260 | E63: 0.46797 | F63: D004-2601100-A1 | G63: 2607/00338 | H63: 46234 | I63: 6000 | J63: -20 | K63: -9.3594 | L63: 0 | M63: 0 | N63: =IF(H63="","",$C$3-H63) -> 3 | O63: =IF(AND(L63<=$C$4,M63<=$E$4),"<=150pc & <=10kg",IF(N63="","TANPA TGL",IF(N63<=5,"<= 5 HARI",IF(N63<=7,"<= 7 HARI",IF(N63<=14,"<= 14 HARI","> 14 HARI"))))) -> <=150pc & <=10kg | Q63: RISTA | R63: HERU
A64: 59 | B64: DUA KELINCI, PT | C64: (4071540) BOX SUKRO ORIGINAL 95G | D64: 440 x 225 x 275 | E64: 0.32161 | F64: D004-2601200-A1 | G64: 2607/00567 | H64: 46234 | I64: 12840 | J64: 20 | K64: 6.4322 | L64: 0 | M64: 0 | N64: =IF(H64="","",$C$3-H64) -> 3 | O64: =IF(AND(L64<=$C$4,M64<=$E$4),"<=150pc & <=10kg",IF(N64="","TANPA TGL",IF(N64<=5,"<= 5 HARI",IF(N64<=7,"<= 7 HARI",IF(N64<=14,"<= 14 HARI","> 14 HARI"))))) -> <=150pc & <=10kg | Q64: RISTA | R64: HERU
A65: 60 | B65: DUA KELINCI, PT | C65: (4070309) BOX DUA KELINCI 370G LOGO HALAL HITAM | D65: 454 x 300 x 310 | E65: 0.7191 | F65: D004-2600200-A1 | G65: 2607/00589 | H65: 46225 | I65: 3500 | J65: 890 | K65: 639.999 | L65: 890 | M65: 639.999 | N65: =IF(H65="","",$C$3-H65) -> 12 | O65: =IF(AND(L65<=$C$4,M65<=$E$4),"<=150pc & <=10kg",IF(N65="","TANPA TGL",IF(N65<=5,"<= 5 HARI",IF(N65<=7,"<= 7 HARI",IF(N65<=14,"<= 14 HARI","> 14 HARI"))))) -> <= 14 HARI | P65: TUNGGU JADWAL | Q65: RISTA | R65: HERU
A66: 61 | B66: DUA KELINCI, PT | C66: (4072936) BOX TOS 20G OPT 3 VAR | D66: 480 x 280 x 350 | E66: 0.46598 | F66: D004-2600500-A1 | G66: 2607/01011 | H66: 46236 | I66: 10000 | J66: 260 | K66: 121.1548 | L66: 760 | M66: 354.1448 | N66: =IF(H66="","",$C$3-H66) -> 1 | O66: =IF(AND(L66<=$C$4,M66<=$E$4),"<=150pc & <=10kg",IF(N66="","TANPA TGL",IF(N66<=5,"<= 5 HARI",IF(N66<=7,"<= 7 HARI",IF(N66<=14,"<= 14 HARI","> 14 HARI"))))) -> <= 5 HARI | P66: TUNGGU JADWAL | Q66: RISTA | R66: HERU
A67: 62 | B67: DUA KELINCI, PT | C67: (4070257) BOX DUA KELINCI 60G LOGO HALAL HITAM | D67: 500 x 300 x 410 | E67: 0.7353 | F67: D004-2601000-A1 | G67: 2607/01297 | H67: 46235 | I67: 6000 | J67: 0 | K67: 0 | L67: 6080 | M67: 4470.624 | N67: =IF(H67="","",$C$3-H67) -> 2 | O67: =IF(AND(L67<=$C$4,M67<=$E$4),"<=150pc & <=10kg",IF(N67="","TANPA TGL",IF(N67<=5,"<= 5 HARI",IF(N67<=7,"<= 7 HARI",IF(N67<=14,"<= 14 HARI","> 14 HARI"))))) -> <= 5 HARI | Q67: RISTA | R67: HERU
A68: 63 | B68: DUA KELINCI, PT | C68: (4075705) BOX RONI 24G/26G OPTION | D68: 440 x 280 x 350 | E68: 0.44349 | F68: D004-2600100-A1 | G68: 2607/01298 | H68: 46236 | I68: 8000 | J68: 0 | K68: 0 | L68: 980 | M68: 434.6202 | N68: =IF(H68="","",$C$3-H68) -> 1 | O68: =IF(AND(L68<=$C$4,M68<=$E$4),"<=150pc & <=10kg",IF(N68="","TANPA TGL",IF(N68<=5,"<= 5 HARI",IF(N68<=7,"<= 7 HARI",IF(N68<=14,"<= 14 HARI","> 14 HARI"))))) -> <= 5 HARI | Q68: RISTA | R68: HERU
A69: 64 | B69: DWI SUPRIANTO/PRIHANDIKA BAGAS PRATAMA/ | C69: OUT WAX - FROZEN FISH 110 / 110 / 110 | D69: 495 X 310 X 95 | E69: 0.25744 | F69: BF0133X9 | G69: 2607/00848 | H69: 46230 | I69: 76000 | J69: 2080 | K69: 535.4752 | L69: 2080 | M69: 535.4752 | N69: =IF(H69="","",$C$3-H69) -> 7 | O69: =IF(AND(L69<=$C$4,M69<=$E$4),"<=150pc & <=10kg",IF(N69="","TANPA TGL",IF(N69<=5,"<= 5 HARI",IF(N69<=7,"<= 7 HARI",IF(N69<=14,"<= 14 HARI","> 14 HARI"))))) -> <= 7 HARI | P69: TUNGGU JADWAL | Q69: AMINAH | R69: AGUS
A70: 65 | B70: DWIMITRA MEGAH SEJAHTERA, PT | C70: NS HEXA CRACKERS 4000 G (12383-1) | D70: 350 x 232 x 196 | E70: 0.25365 | F70: D008-2601100-A1 | G70: 2606/00434 | H70: 46232 | I70: 2500 | J70: 700 | K70: 177.555 | L70: 700 | M70: 177.555 | N70: =IF(H70="","",$C$3-H70) -> 5 | O70: =IF(AND(L70<=$C$4,M70<=$E$4),"<=150pc & <=10kg",IF(N70="","TANPA TGL",IF(N70<=5,"<= 5 HARI",IF(N70<=7,"<= 7 HARI",IF(N70<=14,"<= 14 HARI","> 14 HARI"))))) -> <= 5 HARI | Q70: NUR | R70: WAWAN
A71: 66 | B71: ELODA MITRA, PT | C71: 5553102023 BOX BUN MINI TRAY | D71: 585 x 400 x 230 | E71: 0.80695 | F71: 0021931 | G71: 2606/00135 | H71: 46199 | I71: 2000 | J71: 777 | K71: 627.00015 | L71: 777 | M71: 627.00015 | N71: =IF(H71="","",$C$3-H71) -> 38 | O71: =IF(AND(L71<=$C$4,M71<=$E$4),"<=150pc & <=10kg",IF(N71="","TANPA TGL",IF(N71<=5,"<= 5 HARI",IF(N71<=7,"<= 7 HARI",IF(N71<=14,"<= 14 HARI","> 14 HARI"))))) -> > 14 HARI | P71: TIDAK SET | Q71: MALA | R71: SAMUEL
A72: 67 | B72: ELODA MITRA, PT | C72: 5553102020 BOX ROTI 108 | D72: 600 X 310 X 295 | E72: 0.68942 | F72: 0021890 | G72: 2607/00743 | H72: 46232 | I72: 2600 | J72: 3776 | K72: 2603.2499 | L72: 3776 | M72: 2603.2499 | N72: =IF(H72="","",$C$3-H72) -> 5 | O72: =IF(AND(L72<=$C$4,M72<=$E$4),"<=150pc & <=10kg",IF(N72="","TANPA TGL",IF(N72<=5,"<= 5 HARI",IF(N72<=7,"<= 7 HARI",IF(N72<=14,"<= 14 HARI","> 14 HARI"))))) -> <= 5 HARI | P72: LEBIH PRODUKSI | Q72: MALA | R72: SAMUEL
A73: 68 | B73: EMPAT SEKAWAN MULIA PT. | C73: FILTER (TRY REG) TUMBU TUTUP | D73: 665 x 370 x 125 | E73: 0.35014 | F73: BE27486 | G73: 2606/00450 | H73: 46191 | I73: 5000 | J73: 100 | K73: 35.014 | L73: 100 | M73: 35.014 | N73: =IF(H73="","",$C$3-H73) -> 46 | O73: =IF(AND(L73<=$C$4,M73<=$E$4),"<=150pc & <=10kg",IF(N73="","TANPA TGL",IF(N73<=5,"<= 5 HARI",IF(N73<=7,"<= 7 HARI",IF(N73<=14,"<= 14 HARI","> 14 HARI"))))) -> > 14 HARI | Q73: MIFTA | R73: NAC
A74: 69 | B74: EMPAT SEKAWAN MULIA PT. | C74: TUTUP | D74: 680 x 380 x 35 | E74: 0.16942 | F74: BE27488 | G74: 2606/00450 | H74: 46195 | I74: 5000 | J74: 100 | K74: 16.942 | L74: 100 | M74: 16.942 | N74: =IF(H74="","",$C$3-H74) -> 42 | O74: =IF(AND(L74<=$C$4,M74<=$E$4),"<=150pc & <=10kg",IF(N74="","TANPA TGL",IF(N74<=5,"<= 5 HARI",IF(N74<=7,"<= 7 HARI",IF(N74<=14,"<= 14 HARI","> 14 HARI"))))) -> > 14 HARI | Q74: MIFTA | R74: NAC
A75: 70 | B75: ENDRIAN RUSLIM, | C75: FROZEN NFE | D75: 495 X 310 X 95 | E75: 0.29254 | F75: 0024009X | G75: 2604/01094 | H75: 46141 | I75: 14000 | J75: 460 | K75: 134.5684 | L75: 460 | M75: 134.5684 | N75: =IF(H75="","",$C$3-H75) -> 96 | O75: =IF(AND(L75<=$C$4,M75<=$E$4),"<=150pc & <=10kg",IF(N75="","TANPA TGL",IF(N75<=5,"<= 5 HARI",IF(N75<=7,"<= 7 HARI",IF(N75<=14,"<= 14 HARI","> 14 HARI"))))) -> > 14 HARI | P75: SISA CONTAINER | Q75: MALA | R75: SAMUEL
A76: 71 | B76: ENDRIAN RUSLIM, | C76: FROZEN FISH POLOS K110 / M110 / K110 | D76: 495 x 310 x 95 | E76: 0.25744 | F76: 0025970X | G76: 2607/00824 | H76: 46227 | I76: 7500 | J76: 1500 | K76: 386.16 | L76: 1500 | M76: 386.16 | N76: =IF(H76="","",$C$3-H76) -> 10 | O76: =IF(AND(L76<=$C$4,M76<=$E$4),"<=150pc & <=10kg",IF(N76="","TANPA TGL",IF(N76<=5,"<= 5 HARI",IF(N76<=7,"<= 7 HARI",IF(N76<=14,"<= 14 HARI","> 14 HARI"))))) -> <= 14 HARI | Q76: MALA | R76: SAMUEL
A77: 72 | B77: ENVIRONEER, PT | C77: UNITOR 4L + 2 LYR UK 290 X 290 X 110 MM | D77: 290 x 290 x 110 | E77: 0.50776 | F77: 0022574 | G77: 2607/01027 | H77: 46229 | I77: 2500 | J77: 125 | K77: 63.47 | L77: 125 | M77: 63.47 | N77: =IF(H77="","",$C$3-H77) -> 8 | O77: =IF(AND(L77<=$C$4,M77<=$E$4),"<=150pc & <=10kg",IF(N77="","TANPA TGL",IF(N77<=5,"<= 5 HARI",IF(N77<=7,"<= 7 HARI",IF(N77<=14,"<= 14 HARI","> 14 HARI"))))) -> <= 14 HARI | Q77: MIFTA | R77: NAC
A78: 73 | B78: ETIKA DAIRIES INDONESIA, PT | C78: CARTON BOX DAIRY CHAMP 48 X 480 G NEW HALAL LOGO | D78: 456 X 302 X 205 | E78: 0.42495 | F78: 0023006F | G78: 2606/00429 | H78: 46226 | I78: 30000 | J78: 1000 | K78: 424.95 | L78: 1000 | M78: 424.95 | N78: =IF(H78="","",$C$3-H78) -> 11 | O78: =IF(AND(L78<=$C$4,M78<=$E$4),"<=150pc & <=10kg",IF(N78="","TANPA TGL",IF(N78<=5,"<= 5 HARI",IF(N78<=7,"<= 7 HARI",IF(N78<=14,"<= 14 HARI","> 14 HARI"))))) -> <= 14 HARI | P78: TUNGGU JADWAL | Q78: NUR | R78: WAWAN
A79: 74 | B79: ETIKA DAIRIES INDONESIA, PT | C79: CB PB DC 2.5 KG LOKAL NEW HALAL LOGO + PARTISI | D79: 394 X 326 X 210 | E79: 0.73839 | F79: 0023123 | G79: 2607/00099 | H79: 46230 | I79: 36000 | J79: 10560 | K79: 7797.3984 | L79: 5760 | M79: 4253.1264 | N79: =IF(H79="","",$C$3-H79) -> 7 | O79: =IF(AND(L79<=$C$4,M79<=$E$4),"<=150pc & <=10kg",IF(N79="","TANPA TGL",IF(N79<=5,"<= 5 HARI",IF(N79<=7,"<= 7 HARI",IF(N79<=14,"<= 14 HARI","> 14 HARI"))))) -> <= 7 HARI | Q79: NUR | R79: WAWAN
A80: 75 | B80: EVANDER SEBASTIAN THOMAS | C80: BOX SARABATT FARM ANAK AYAM (BODY) | D80: 665 X 493 X 141 | E80: 0.52755 | F80: 0026710F | G80: 2607/00083 | H80: 46213 | I80: 3000 | J80: 100 | K80: 52.755 | L80: 100 | M80: 52.755 | N80: =IF(H80="","",$C$3-H80) -> 24 | O80: =IF(AND(L80<=$C$4,M80<=$E$4),"<=150pc & <=10kg",IF(N80="","TANPA TGL",IF(N80<=5,"<= 5 HARI",IF(N80<=7,"<= 7 HARI",IF(N80<=14,"<= 14 HARI","> 14 HARI"))))) -> > 14 HARI | Q80: AMINAH | R80: AGUS
A81: 76 | B81: FADLAN | C81: AMDK SEGAR - 48 X 220 ML NEW | D81: 349 X 237 X 191 | E81: 0.2131 | F81: BF0380 | G81: 2604/00577 | H81: 46131 | I81: 32000 | J81: 4460 | K81: 950.426 | L81: 4460 | M81: 950.426 | N81: =IF(H81="","",$C$3-H81) -> 106 | O81: =IF(AND(L81<=$C$4,M81<=$E$4),"<=150pc & <=10kg",IF(N81="","TANPA TGL",IF(N81<=5,"<= 5 HARI",IF(N81<=7,"<= 7 HARI",IF(N81<=14,"<= 14 HARI","> 14 HARI"))))) -> > 14 HARI | P81: SISA CONTAINER | Q81: MINUK | R81: IFAN
A82: 77 | B82: FELINE VICTORIA | C82: BOX ALSHAMANDY 10 KG 39 X 30 X 14 SW | D82: 390 x 300 x 140 | E82: 0.29773 | F82: F003-2600100-A1 | G82: 2606/00903 | H82: 46211 | I82: 5000 | J82: 1500 | K82: 446.595 | L82: 1500 | M82: 446.595 | N82: =IF(H82="","",$C$3-H82) -> 26 | O82: =IF(AND(L82<=$C$4,M82<=$E$4),"<=150pc & <=10kg",IF(N82="","TANPA TGL",IF(N82<=5,"<= 5 HARI",IF(N82<=7,"<= 7 HARI",IF(N82<=14,"<= 14 HARI","> 14 HARI"))))) -> > 14 HARI | P82: AMBIL SENDIRI | Q82: AMINAH | R82: AGUS
A83: 78 | B83: FELINE VICTORIA | C83: OUT WAX - PT. KIMCI JAYA BERSAUDARA | D83: 495 x 310 x 95 | E83: 0.28209 | F83: BE27513X9 | G83: 2606/01015 | H83: 46206 | I83: 28300 | J83: 420 | K83: 118.4778 | L83: 420 | M83: 118.4778 | N83: =IF(H83="","",$C$3-H83) -> 31 | O83: =IF(AND(L83<=$C$4,M83<=$E$4),"<=150pc & <=10kg",IF(N83="","TANPA TGL",IF(N83<=5,"<= 5 HARI",IF(N83<=7,"<= 7 HARI",IF(N83<=14,"<= 14 HARI","> 14 HARI"))))) -> > 14 HARI | P83: SISA CONTAINER | Q83: AMINAH | R83: AGUS
A84: 79 | B84: FELINE VICTORIA | C84: BOX CUMI PRODUCT 20 KG PUTIH PRINT F4 | D84: 507 x 307 x 192 | E84: 0.72463 | F84: F003-2601000-A1 | G84: 2606/01050 | H84: 46211 | I84: 12000 | J84: 552 | K84: 399.99576 | L84: 552 | M84: 399.99576 | N84: =IF(H84="","",$C$3-H84) -> 26 | O84: =IF(AND(L84<=$C$4,M84<=$E$4),"<=150pc & <=10kg",IF(N84="","TANPA TGL",IF(N84<=5,"<= 5 HARI",IF(N84<=7,"<= 7 HARI",IF(N84<=14,"<= 14 HARI","> 14 HARI"))))) -> > 14 HARI | P84: SISA CONTAINER | Q84: AMINAH | R84: AGUS
A85: 80 | B85: FELINE VICTORIA | C85: POLOS PUTIH DW 40 X 27 X 16 | D85: 400 x 270 x 160 | E85: 0.31294 | F85: F003-2600800-A1 | G85: 2607/01071 | H85: 46230 | I85: 8300 | J85: 1160 | K85: 363.0104 | L85: 1160 | M85: 363.0104 | N85: =IF(H85="","",$C$3-H85) -> 7 | O85: =IF(AND(L85<=$C$4,M85<=$E$4),"<=150pc & <=10kg",IF(N85="","TANPA TGL",IF(N85<=5,"<= 5 HARI",IF(N85<=7,"<= 7 HARI",IF(N85<=14,"<= 14 HARI","> 14 HARI"))))) -> <= 7 HARI | P85: TUNGGU JADWAL | Q85: AMINAH | R85: AGUS
A86: 81 | B86: FRUIT ING INDONESIA, PT | C86: BOX BOTTOM | D86: 526 X 377 X 142 | E86: 0.59715 | F86: 0025555 | G86: 2605/00060 | H86: 46169 | I86: 2500 | J86: 197 | K86: 117.63855 | L86: 197 | M86: 117.63855 | N86: =IF(H86="","",$C$3-H86) -> 68 | O86: =IF(AND(L86<=$C$4,M86<=$E$4),"<=150pc & <=10kg",IF(N86="","TANPA TGL",IF(N86<=5,"<= 5 HARI",IF(N86<=7,"<= 7 HARI",IF(N86<=14,"<= 14 HARI","> 14 HARI"))))) -> > 14 HARI | P86: TIDAK SET | Q86: MALA | R86: MIRZA
A87: 82 | B87: GAJAH MITRA CEMERLANG | C87: OUTER RICE BUCKET 6 LT | D87: 743 x 497 x 543 | E87: 1.11518 | F87: BE29449 | G87: 2607/00907 | H87: 46234 | I87: 500 | J87: 510 | K87: 568.7418 | L87: 0 | M87: 0 | N87: =IF(H87="","",$C$3-H87) -> 3 | O87: =IF(AND(L87<=$C$4,M87<=$E$4),"<=150pc & <=10kg",IF(N87="","TANPA TGL",IF(N87<=5,"<= 5 HARI",IF(N87<=7,"<= 7 HARI",IF(N87<=14,"<= 14 HARI","> 14 HARI"))))) -> <=150pc & <=10kg | Q87: AMINAH | R87: SAMUEL
A88: 83 | B88: GAJAH MITRA CEMERLANG | C88: INNER RICE BUCKET 6 LT | D88: 242 x 242 x 259 | E88: 0.21421 | F88: G007-2600200-A1 | G88: 2607/00908 | H88: 46231 | I88: 5000 | J88: 5040 | K88: 1079.6184 | L88: 0 | M88: 0 | N88: =IF(H88="","",$C$3-H88) -> 6 | O88: =IF(AND(L88<=$C$4,M88<=$E$4),"<=150pc & <=10kg",IF(N88="","TANPA TGL",IF(N88<=5,"<= 5 HARI",IF(N88<=7,"<= 7 HARI",IF(N88<=14,"<= 14 HARI","> 14 HARI"))))) -> <=150pc & <=10kg | Q88: AMINAH | R88: SAMUEL
A89: 84 | B89: GALAXY PACKINDO, CV | C89: DOS (545 X 175 X 240) SAUCE 25 | D89: 545 x 175 x 240 | E89: 0.32865 | F89: G004-2600500-A1 | G89: 2606/01137 | H89: 46232 | I89: 10000 | J89: 1680 | K89: 552.132 | L89: 1680 | M89: 552.132 | N89: =IF(H89="","",$C$3-H89) -> 5 | O89: =IF(AND(L89<=$C$4,M89<=$E$4),"<=150pc & <=10kg",IF(N89="","TANPA TGL",IF(N89<=5,"<= 5 HARI",IF(N89<=7,"<= 7 HARI",IF(N89<=14,"<= 14 HARI","> 14 HARI"))))) -> <= 5 HARI | Q89: AMINAH | R89: MIRZA
A90: 85 | B90: GALAXY PACKINDO, CV | C90: DOS (480 X 200 X 245) TBR 2B - H | D90: 480 x 200 x 245 | E90: 0.3335 | F90: G004-2600300-A1 | G90: 2607/00003 | H90: 46230 | I90: 6000 | J90: 900 | K90: 300.15 | L90: 0 | M90: 0 | N90: =IF(H90="","",$C$3-H90) -> 7 | O90: =IF(AND(L90<=$C$4,M90<=$E$4),"<=150pc & <=10kg",IF(N90="","TANPA TGL",IF(N90<=5,"<= 5 HARI",IF(N90<=7,"<= 7 HARI",IF(N90<=14,"<= 14 HARI","> 14 HARI"))))) -> <=150pc & <=10kg | Q90: AMINAH | R90: MIRZA
A91: 86 | B91: GALAXY PACKINDO, CV | C91: DOS (370 X 270 X 230) SAUCE 75 | D91: 370 x 270 x 230 | E91: 0.35224 | F91: G004-2600700-A1 | G91: 2607/00020 | H91: 46232 | I91: 10000 | J91: 4880 | K91: 1718.9312 | L91: 820 | M91: 288.8368 | N91: =IF(H91="","",$C$3-H91) -> 5 | O91: =IF(AND(L91<=$C$4,M91<=$E$4),"<=150pc & <=10kg",IF(N91="","TANPA TGL",IF(N91<=5,"<= 5 HARI",IF(N91<=7,"<= 7 HARI",IF(N91<=14,"<= 14 HARI","> 14 HARI"))))) -> <= 5 HARI | Q91: AMINAH | R91: MIRZA
A92: 87 | B92: GRANDVILLE FOOD INDONESIA | C92: KARDUS KECIL | D92: 130 x 75 x 210 | E92: 0.05445 | F92: G001-2600200-DC | G92: 2605/00283 | H92: 46194 | I92: 40000 | J92: 240 | K92: 13.068 | L92: 240 | M92: 13.068 | N92: =IF(H92="","",$C$3-H92) -> 43 | O92: =IF(AND(L92<=$C$4,M92<=$E$4),"<=150pc & <=10kg",IF(N92="","TANPA TGL",IF(N92<=5,"<= 5 HARI",IF(N92<=7,"<= 7 HARI",IF(N92<=14,"<= 14 HARI","> 14 HARI"))))) -> > 14 HARI | P92: BELUM KETEMU | Q92: MIFTA | R92: RUDY
A93: 88 | B93: GUNUNG AGUNG SENTOSA, PT | C93: IB CERMIN OVAL S 014 | D93: 213 x 22 x 283 | E93: 0.08454 | F93: BE29317 | G93: 2511/00798 | H93: 46188 | I93: 5000 | J93: 400 | K93: 33.816 | L93: 400 | M93: 33.816 | N93: =IF(H93="","",$C$3-H93) -> 49 | O93: =IF(AND(L93<=$C$4,M93<=$E$4),"<=150pc & <=10kg",IF(N93="","TANPA TGL",IF(N93<=5,"<= 5 HARI",IF(N93<=7,"<= 7 HARI",IF(N93<=14,"<= 14 HARI","> 14 HARI"))))) -> > 14 HARI | Q93: RISTA | R93: HERU
A94: 89 | B94: GUNUNG AGUNG SENTOSA, PT | C94: SHEET UK 720 X 330 MM | D94: 720 x 330 | E94: 0.09732 | F94: LY00952 | G94: 2607/01006 | H94: 46232 | I94: 10000 | J94: 10400 | K94: 1012.128 | L94: 0 | M94: 0 | N94: =IF(H94="","",$C$3-H94) -> 5 | O94: =IF(AND(L94<=$C$4,M94<=$E$4),"<=150pc & <=10kg",IF(N94="","TANPA TGL",IF(N94<=5,"<= 5 HARI",IF(N94<=7,"<= 7 HARI",IF(N94<=14,"<= 14 HARI","> 14 HARI"))))) -> <=150pc & <=10kg | Q94: RISTA | R94: HERU
A95: 90 | B95: GUNUNG STARLINDO UTAMA, PT | C95: KARTON PH 4 MINI | D95: 505 x 425 x 440 | E95: 1.08679 | F95: G002-2600201-A1 | G95: 2604/00650 | H95: 46181 | I95: 21970 | J95: 150 | K95: 163.0185 | L95: 150 | M95: 163.0185 | N95: =IF(H95="","",$C$3-H95) -> 56 | O95: =IF(AND(L95<=$C$4,M95<=$E$4),"<=150pc & <=10kg",IF(N95="","TANPA TGL",IF(N95<=5,"<= 5 HARI",IF(N95<=7,"<= 7 HARI",IF(N95<=14,"<= 14 HARI","> 14 HARI"))))) -> > 14 HARI | Q95: MALA | R95: MIRZA
A96: 91 | B96: H. ASNAWING | C96: OUT WAX - FROZEN FISH BIRU | D96: 495 X 310 X 95 | E96: 0.29254 | F96: 0021698X | G96: 2607/00937 | H96: 46231 | I96: 15000 | J96: 2280 | K96: 666.9912 | L96: 2280 | M96: 666.9912 | N96: =IF(H96="","",$C$3-H96) -> 6 | O96: =IF(AND(L96<=$C$4,M96<=$E$4),"<=150pc & <=10kg",IF(N96="","TANPA TGL",IF(N96<=5,"<= 5 HARI",IF(N96<=7,"<= 7 HARI",IF(N96<=14,"<= 14 HARI","> 14 HARI"))))) -> <= 7 HARI | P96: SISA CONTAINER | Q96: AMINAH | R96: AGUS
A97: 92 | B97: HARTONO ISTANA TEKNOLOGI, PT | C97: GA-177550-AJA10 BOTTOM CARTON WM 8KG W30 (M01) | D97: 550 x 550 | E97: 0.18566 | F97: LY00853 | G97: 2606/00686 | H97: 46223 | I97: 7200 | J97: 100 | K97: 18.566 | L97: 100 | M97: 18.566 | N97: =IF(H97="","",$C$3-H97) -> 14 | O97: =IF(AND(L97<=$C$4,M97<=$E$4),"<=150pc & <=10kg",IF(N97="","TANPA TGL",IF(N97<=5,"<= 5 HARI",IF(N97<=7,"<= 7 HARI",IF(N97<=14,"<= 14 HARI","> 14 HARI"))))) -> <= 14 HARI | Q97: MAYUN | R97: BINTARA
A98: 93 | B98: HBFULLER ADHESIVES INDONESIA, PT | C98: P123 (355 X 265 X 380 MM) | D98: 355 X 265 X 380 | E98: 0.89446 | F98: 0019676 | G98: 2602/00226 | H98: 46223 | I98: 15000 | J98: 280 | K98: 250.4488 | L98: 280 | M98: 250.4488 | N98: =IF(H98="","",$C$3-H98) -> 14 | O98: =IF(AND(L98<=$C$4,M98<=$E$4),"<=150pc & <=10kg",IF(N98="","TANPA TGL",IF(N98<=5,"<= 5 HARI",IF(N98<=7,"<= 7 HARI",IF(N98<=14,"<= 14 HARI","> 14 HARI"))))) -> <= 14 HARI | P98: TUNGGU JADWAL | Q98: NUR | R98: WAWAN
A99: 94 | B99: HBFULLER ADHESIVES INDONESIA, PT | C99: P124 (483 X 288 X 246 MM) | D99: 483 X 288 X 246 | E99: 0.92062 | F99: 0019677 | G99: 2602/00228 | H99: 46176 | I99: 15000 | J99: 2800 | K99: 2577.736 | L99: 2800 | M99: 2577.736 | N99: =IF(H99="","",$C$3-H99) -> 61 | O99: =IF(AND(L99<=$C$4,M99<=$E$4),"<=150pc & <=10kg",IF(N99="","TANPA TGL",IF(N99<=5,"<= 5 HARI",IF(N99<=7,"<= 7 HARI",IF(N99<=14,"<= 14 HARI","> 14 HARI"))))) -> > 14 HARI | P99: TUNGGU JADWAL | Q99: NUR | R99: WAWAN
A100: 95 | B100: HBFULLER ADHESIVES INDONESIA, PT | C100: P162 (355 X 265 X 380 MM) KR BCF WITH-ACS-TAPE | D100: 355 x 265 x 380 | E100: 0.80703 | F100: 0019676 A | G100: 2605/00291 | H100: 46204 | I100: 15000 | J100: 840 | K100: 677.9052 | L100: 840 | M100: 677.9052 | N100: =IF(H100="","",$C$3-H100) -> 33 | O100: =IF(AND(L100<=$C$4,M100<=$E$4),"<=150pc & <=10kg",IF(N100="","TANPA TGL",IF(N100<=5,"<= 5 HARI",IF(N100<=7,"<= 7 HARI",IF(N100<=14,"<= 14 HARI","> 14 HARI"))))) -> > 14 HARI | P100: TUNGGU JADWAL | Q100: NUR | R100: WAWAN
...

Sheet REKAP PER OP
A1: REKAP STOK STB BJ PER NO. OP (siap import ke database)
A2: Satu baris = satu NO. OP (cNoSc). Baris ganda pada sheet detail sudah dijumlahkan.
A4: NO | B4: NO. OP (cNoSc) | C4: CUSTOMER | D4: ITEM | E4: TGL PRODUKSI TERAKHIR | F4: STOK AWAL (PC) | G4: STOK AWAL (KG) | H4: STOK AKHIR (PC) | I4: STOK AKHIR (KG) | J4: KETERANGAN
A5: 1 | B5: 2505/01199 | C5: SINAR KEMASAN TERANG, PT | D5: OB AIR ACCU 1 LT | E5: 46225 | F5: 2100 | G5: 654.759 | H5: 2100 | I5: 654.759
A6: 2 | B6: 2511/00798 | C6: GUNUNG AGUNG SENTOSA, PT | D6: IB CERMIN OVAL S 014 | E6: 46188 | F6: 400 | G6: 33.816 | H6: 400 | I6: 33.816
A7: 3 | B7: 2512/00047 | C7: KEMBANG JAYA CV | D7: FAZZA ISI 40 X 220 ML NEW | E7: 46074 | F7: 1600 | G7: 308.528 | H7: 1600 | I7: 308.528 | J7: AMBIL SENDIRI
A8: 4 | B8: 2601/00538 | C8: BUANA MAHAYASA SAKTI CV | D8: BOTT 134 (653 X 365 X 134) TANPA LOGO BMS | E8: 46156 | F8: 454 | G8: 113.82827 | H8: 454 | I8: 113.82827 | J8: TUNGGU JADWAL
A9: 5 | B9: 2602/00117 | C9: MUHAMMAD SYAHRIR | D9: BBC | E9: 46063 | F9: 2120 | G9: 758.1544 | H9: 2120 | I9: 758.1544 | J9: SISA CONTAINER
A10: 6 | B10: 2602/00226 | C10: HBFULLER ADHESIVES INDONESIA, PT | D10: P123 (355 X 265 X 380 MM) | E10: 46223 | F10: 280 | G10: 250.4488 | H10: 280 | I10: 250.4488 | J10: TUNGGU JADWAL
A11: 7 | B11: 2602/00228 | C11: HBFULLER ADHESIVES INDONESIA, PT | D11: P124 (483 X 288 X 246 MM) | E11: 46176 | F11: 2800 | G11: 2577.736 | H11: 2800 | I11: 2577.736 | J11: TUNGGU JADWAL
A12: 8 | B12: 2602/00978 | C12: CENDRAWASIH DWIMEGA KENCANA | D12: AMDK CENDRAQUA 220 ML | E12: 46080 | F12: 1980 | G12: 428.076 | H12: 1980 | I12: 428.076 | J12: SISA CONTAINER
A13: 9 | B13: 2602/01006 | C13: BERKAH SUMBER ABADI, CV | D13: BOX AMDK BST 220 ML NEW 2 | E13: 46221 | F13: 880 | G13: 192.5968 | H13: 880 | I13: 192.5968 | J13: SISA CONTAINER
A14: 10 | B14: 2603/00552 | C14: NIPSEA PAINT AND CHEMICALS. PT | D14: PN114 VINILEX CCM 5KG O/T SW DC | E14: 46138 | F14: 1040 | G14: 243.1832 | H14: 1040 | I14: 243.1832
A15: 11 | B15: 2603/00557 | C15: NIPSEA PAINT AND CHEMICALS. PT | D15: PN106 NIPPON HI EPOXY FILLER BASE 12X0,8L SW | E15: 46209 | F15: 2300 | G15: 542.432 | H15: 2300 | I15: 542.432
A16: 12 | B16: 2603/00609 | C16: MASPION, PT | D16: DOOS LUAR MSC 1860 | E16: 46147 | F16: 150 | G16: 195.429 | H16: 150 | I16: 195.429 | J16: TUNGGU JADWAL
A17: 13 | B17: 2603/00918 | C17: CHAROEN POKPHAND INDONESIA, PT | D17: MC FIESTA RTG NEW ISI 6 BOX | E17: 46163 | F17: 120 | G17: 46.8708 | H17: 120 | I17: 46.8708 | J17: LEBIH PRODUKSI
A18: 14 | B18: 2604/00148 | C18: KEMBANG JAYA CV | D18: FAZZA ISI 45 X 120 ML NEW | E18: 46165 | F18: 1500 | G18: 234.795 | H18: 1500 | I18: 234.795 | J18: AMBIL SENDIRI
A19: 15 | B19: 2604/00311 | C19: BUANA MAHAYASA SAKTI CV | D19: TOP 102 | E19: 46134 | F19: 504 | G19: 83.19024 | H19: 504 | I19: 83.19024 | J19: TUNGGU JADWAL
A20: 16 | B20: 2604/00577 | C20: FADLAN | D20: AMDK SEGAR - 48 X 220 ML NEW | E20: 46131 | F20: 4460 | G20: 950.426 | H20: 4460 | I20: 950.426 | J20: SISA CONTAINER
A21: 17 | B21: 2604/00635 | C21: VPOL TIRTA SEJAHTERA, PT | D21: VPOL 220 ML | E21: 46207 | F21: 2620 | G21: 648.8168 | H21: 2620 | I21: 648.8168 | J21: SISA CONTAINER
A22: 18 | B22: 2604/00650 | C22: GUNUNG STARLINDO UTAMA, PT | D22: KARTON PH 4 MINI | E22: 46181 | F22: 150 | G22: 163.0185 | H22: 150 | I22: 163.0185
A23: 19 | B23: 2604/00871 | C23: KARUNIA TIRTA KAJUARA, PT | D23: KARTON WT 200 ML | E23: 46203 | F23: 4020 | G23: 791.8596 | H23: 4020 | I23: 791.8596 | J23: SISA CONTAINER
A24: 20 | B24: 2604/01094 | C24: ENDRIAN RUSLIM, | D24: FROZEN NFE | E24: 46141 | F24: 460 | G24: 134.5684 | H24: 460 | I24: 134.5684 | J24: SISA CONTAINER
A25: 21 | B25: 2604/01220 | C25: SIANTAR TOP TBK, PT | D25: DUS SPIX MIE GORENG SAMBAL BALADO CBP 500 ISI 100 PCS KTN/SMG-BDR500/L/100/01 | E25: 46233 | F25: 760 | G25: 127.1708 | H25: 760 | I25: 127.1708 | J25: KURANG KIRIM
A26: 22 | B26: 2604/01260 | C26: KERAMIK DIAMOND INDUSTRIES | D26: 40 X 40 ARTKERAMIK KW 1 | E26: 46223 | F26: 650 | G26: 74.9645 | H26: 650 | I26: 74.9645
A27: 23 | B27: 2605/00060 | C27: FRUIT ING INDONESIA, PT | D27: BOX BOTTOM | E27: 46169 | F27: 197 | G27: 117.63855 | H27: 197 | I27: 117.63855 | J27: TIDAK SET
A28: 24 | B28: 2605/00209 | C28: MULTI NABATI SULAWESI, PT | D28: SOVIA BIB 18 L | E28: 46226 | F28: 980 | G28: 648.809 | H28: 980 | I28: 648.809 | J28: SISA CONTAINER
A29: 25 | B29: 2605/00255 | C29: MEGASURYA MAS, PT | D29: BOX REFILL MINYAK 1 LTR MSM 2016 - SUNCO POUCH 1 L 04-05-23 | E29: 46231 | F29: 1870 | G29: 803.8569 | H29: 1870 | I29: 803.8569
A30: 26 | B30: 2605/00283 | C30: GRANDVILLE FOOD INDONESIA | D30: KARDUS KECIL | E30: 46194 | F30: 240 | G30: 13.068 | H30: 240 | I30: 13.068 | J30: BELUM KETEMU
A31: 27 | B31: 2605/00291 | C31: HBFULLER ADHESIVES INDONESIA, PT | D31: P162 (355 X 265 X 380 MM) KR BCF WITH-ACS-TAPE | E31: 46204 | F31: 840 | G31: 677.9052 | H31: 840 | I31: 677.9052 | J31: TUNGGU JADWAL
A32: 28 | B32: 2605/00317 | C32: PERSEROAN TERBATAS - BADAN HALIMJAYA SAKTI | D32: BOX ANDO HAWAI (AB) | E32: 46160 | F32: 630 | G32: 314.0298 | H32: 630 | I32: 314.0298 | J32: TUNGGU JADWAL
A33: 29 | B33: 2605/00354 | C33: ROMAN CERAMIC INTERNATIONAL, PT | D33: (GCAR5SD076) CART 5S THICK TILE RM TS GR 30 X 30 KW I | E33: 46200 | F33: 550 | G33: 141.3115 | H33: 550 | I33: 141.3115
A34: 30 | B34: 2605/00355 | C34: ROMAN CERAMIC INTERNATIONAL, PT | D34: (GCAR4SD094) CART 4S RM GRANIT 60 X 30 GRADE A | E34: 46235 | F34: 0 | G34: 0 | H34: 12200 | I34: 1025.41
A35: 31 | B35: 2605/00361 | C35: ROMAN CERAMIC INTERNATIONAL, PT | D35: (GCAR5SD141) CART 5S RM TS GR 120 X 60 GRADE A | E35: 46215 | F35: 375 | G35: 221.23125 | H35: 375 | I35: 221.23125
A36: 32 | B36: 2605/00370 | C36: NOFITA WAMIR | D36: LIPOKU 220 ML | E36: 46218 | F36: 8940 | G36: 1768.6896 | H36: 8940 | I36: 1768.6896 | J36: TUNGGU JADWAL
A37: 33 | B37: 2605/00528 | C37: PERSEROAN TERBATAS - BADAN HALIMJAYA SAKTI | D37: BOX GEMOY PRIA | E37: 46211 | F37: 600 | G37: 623.358 | H37: 600 | I37: 623.358 | J37: TUNGGU JADWAL
A38: 34 | B38: 2605/00530 | C38: PERSEROAN TERBATAS - BADAN HALIMJAYA SAKTI | D38: BOX ANDO HAWAI | E38: 46219 | F38: 880 | G38: 469.2864 | H38: 880 | I38: 469.2864 | J38: TUNGGU JADWAL
A39: 35 | B39: 2605/00592 | C39: LOTUS INDAH TEXTILE INDUSTRIES, PT | D39: LAYER LOTUS 545 X 280 | E39: 46178 | F39: 1500 | G39: 99 | H39: 1500 | I39: 99 | J39: TUNGGU JADWAL
A40: 36 | B40: 2605/00597 | C40: LOTUS INDAH TEXTILE INDUSTRIES, PT | D40: BOX 555 X 365 X 345 NON LOGO | E40: 46179 | F40: 180 | G40: 152.5122 | H40: 180 | I40: 152.5122 | J40: TUNGGU JADWAL
A41: 37 | B41: 2605/00600 | C41: LOTUS INDAH TEXTILE INDUSTRIES, PT | D41: LAYER LOTUS 550 X 360 | E41: 46161 | F41: 2000 | G41: 172.82 | H41: 2000 | I41: 172.82 | J41: TUNGGU JADWAL
A42: 38 | B42: 2605/00660 | C42: AKE ABADI, CV | D42: KARTON AKE 200 ML (48) MANADO | E42: 46221 | F42: 4260 | G42: 979.587 | H42: 4260 | I42: 979.587 | J42: SISA CONTAINER
A43: 39 | B43: 2605/00743 | C43: KEMILAU SURYA PLASTINDO, CV | D43: KARTON QUARTER 220 ML | E43: 46209 | F43: 1240 | G43: 262.5328 | H43: 1240 | I43: 262.5328 | J43: SISA CONTAINER
A44: 40 | B44: 2605/00748 | C44: MISSOURI, CV | D44: BOX DOC RM 726 WARNA BIRU (TOP) | E44: 46172 | F44: 100 | G44: 18.048 | H44: 100 | I44: 18.048 | J44: TIDAK SET
A45: 41 | B45: 2605/00759 | C45: MERLYANA SOIK | D45: LILIN ISI 40 PAK, OB | E45: 46204 | F45: 750 | G45: 77.1375 | H45: 750 | I45: 77.1375 | J45: TUNGGU JADWAL
A46: 42 | B46: 2605/00766 | C46: CHEIL JEDANG INDONESIA, PT | D46: 702659 BOX/MIPOONG 250 GRAM REV.1 | E46: 46199 | F46: 1000 | G46: 732.78 | H46: 1000 | I46: 732.78 | J46: TUNGGU JADWAL
A47: 43 | B47: 2605/00795 | C47: PLATINUM CERAMICS INDUSTRY, PT | D47: NFT14 30X30 AT DC KW-B K | E47: 46234 | F47: 4800 | G47: 539.664 | H47: 4800 | I47: 539.664
A48: 44 | B48: 2605/00800 | C48: SEKAR BUMI TBK, PT | D48: MC. MATERIAL | E48: 46171 | F48: 110 | G48: 61.4064 | H48: 110 | I48: 61.4064
A49: 45 | B49: 2605/00809 | C49: BUANA MAHAYASA SAKTI CV | D49: STANDAR BOTTOM 122 (653 X 365 X 122 MM) TANPA LOGO BMS | E49: 46221 | F49: 3311 | G49: 824.40168 | H49: 511 | I49: 133.24968 | J49: TUNGGU JADWAL
A50: 46 | B50: 2605/00880 | C50: KARYA INDAH MULTIGUNA, PT | D50: 735884 DEVIDER BYGN PART 72 X 6 | E50: 46234 | F50: 9600 | G50: 264.864 | H50: 0 | I50: 0
A51: 47 | B51: 2605/01000 | C51: PERSEROAN TERBATAS LESAFFRE SARI NUSA | D51: (400011608) CARTON BOX 500G BRUGEMAN CAN2694 | E51: 46184 | F51: 600 | G51: 164.268 | H51: 600 | I51: 164.268 | J51: TUNGGU JADWAL
A52: 48 | B52: 2605/01009 | C52: NIPSEA PAINT AND CHEMICALS. PT | D52: PN044 BOX POLOS SW-6X0.2L | E52: 46218 | F52: 3000 | G52: 219.3 | H52: 3000 | I52: 219.3 | J52: TUNGGU JADWAL
A53: 49 | B53: 2605/01010 | C53: NIPSEA PAINT AND CHEMICALS. PT | D53: PN038 NPI POLOS OT SW (DC)-4X5K | E53: 46214 | F53: 450 | G53: 105.237 | H53: 450 | I53: 105.237 | J53: TUNGGU JADWAL
A54: 50 | B54: 2605/01011 | C54: NIPSEA PAINT AND CHEMICALS. PT | D54: PN100 NPI POLOS PLASTIK SW (DC)-12X1L | E54: 46209 | F54: 3220 | G54: 762.013 | H54: 3220 | I54: 762.013
A55: 51 | B55: 2605/01029 | C55: CHAROEN POKPHAND INDONESIA TBK, PT | D55: MC CP BRAND K200 NEW NKV | E55: 46217 | F55: 360 | G55: 227.6532 | H55: 360 | I55: 227.6532 | J55: KURANG KIRIM
A56: 52 | B56: 2605/01032 | C56: CHAROEN POKPHAND INDONESIA, PT | D56: MC OKEY SAUSAGE NEW NKV | E56: 46234 | F56: 5250 | G56: 2254.245 | H56: 0 | I56: 0
A57: 53 | B57: 2605/01043 | C57: CHAROEN POKPHAND INDONESIA, PT | D57: MC AKUMO 500GR NEW NKV | E57: 46234 | F57: 5290 | G57: 2251.0008 | H57: 0 | I57: 0
A58: 54 | B58: 2605/01075 | C58: KARYA INDAH MEDIKA | D58: KARTON BED PASIEN 3 CRANK IDM | E58: 46191 | F58: 99 | G58: 849.67047 | H58: 99 | I58: 849.67047
A59: 55 | B59: 2605/01086 | C59: ANDRIANI | D59: AMDK LOE 220 ML | E59: 46227 | F59: 3660 | G59: 702.537 | H59: 3660 | I59: 702.537 | J59: SISA CONTAINER
A60: 56 | B60: 2605/01157 | C60: TAWON JAYA MAKASSAR, PT | D60: TAWON - CC , OB | E60: 46231 | F60: 2040 | G60: 1886.6532 | H60: 2040 | I60: 1886.6532 | J60: SISA CONTAINER
A61: 57 | B61: 2605/01158 | C61: TAWON JAYA MAKASSAR, PT | D61: TAWON - CC, IB | E61: 46231 | F61: 4320 | G61: 375.192 | H61: 4320 | I61: 375.192 | J61: SISA CONTAINER
A62: 58 | B62: 2606/00005 | C62: MARTHINUS FAMDALE | D62: FROZEN FISH LILIN LUAR 11 | E62: 46226 | F62: 5220 | G62: 1343.8368 | H62: 5220 | I62: 1343.8368
A63: 59 | B63: 2606/00034 | C63: SINAR KEMASAN TERANG, PT | D63: IB 5 KG 1 1/2" X 14 (WT TULIS 5 KG) | E63: 46203 | F63: 12000 | G63: 741.6 | H63: 12000 | I63: 741.6 | J63: TUNGGU JADWAL
A64: 60 | B64: 2606/00040 | C64: SINAR KEMASAN TERANG, PT | D64: OB 13 KG 2" X 12 (WT DIKOSONGI) | E64: 46194 | F64: 520 | G64: 140.0464 | H64: 520 | I64: 140.0464 | J64: TUNGGU JADWAL
A65: 61 | B65: 2606/00074 | C65: SIANTAR TOP TBK, PT | D65: DUS GEMEZ ENAAK CHICKEN 30 GR KB INTERNATIONAL VIETNAM KTN/CK/E/144/00/VNM | E65: 46203 | F65: 390 | G65: 203.6814 | H65: 390 | I65: 203.6814
A66: 62 | B66: 2606/00075 | C66: SIANTAR TOP TBK, PT | D66: DUS GEMEZ ENAAK CHICKEN SPICY LEVEL 3 MIX DAIN KOREA KTN/GNA MIX/E/24X6/00/KOREA | E66: 46191 | F66: 140 | G66: 73.1164 | H66: 140 | I66: 73.1164
A67: 63 | B67: 2606/00081 | C67: BEHAESTEX, PT | D67: DBL SR AS SUPREM 925 2025 | E67: 46212 | F67: 125 | G67: 257.365 | H67: 125 | I67: 257.365 | J67: BELUM KETEMU
A68: 64 | B68: 2606/00129 | C68: PLATINUM CERAMICS INDUSTRY, PT | D68: NWT16 25X40 AT DC KW-A K | E68: 46227 | F68: 2400 | G68: 297.84 | H68: 2400 | I68: 297.84
A69: 65 | B69: 2606/00135 | C69: ELODA MITRA, PT | D69: 5553102023 BOX BUN MINI TRAY | E69: 46199 | F69: 777 | G69: 627.00015 | H69: 777 | I69: 627.00015 | J69: TIDAK SET
A70: 66 | B70: 2606/00160 | C70: SINAR KEMASAN TERANG, PT | D70: OB AIR ZUUR 1 LT | E70: 46225 | F70: 1300 | G70: 405.327 | H70: 1300 | I70: 405.327
A71: 67 | B71: 2606/00175 | C71: NIPSEA PAINT AND CHEMICALS. PT | D71: PN099 MATEX PLASTIK OT SW (DC) 4X4.5 K | E71: 46209 | F71: 3200 | G71: 748.256 | H71: 3200 | I71: 748.256
A72: 68 | B72: 2606/00183 | C72: NIPSEA PAINT AND CHEMICALS. PT | D72: PN107 KOMILEX 4,5KG O/T SW DC | E72: 46217 | F72: 320 | G72: 74.8256 | H72: 320 | I72: 74.8256 | J72: TUNGGU JADWAL
A73: 69 | B73: 2606/00227 | C73: KAMBERA JAYA ABADI , PT | D73: KARTON BUNAFIT 180 ML SB | E73: 46195 | F73: 480 | G73: 115.7328 | H73: 480 | I73: 115.7328 | J73: TUNGGU JADWAL
A74: 70 | B74: 2606/00231 | C74: ARISU INDONESIA, PT | D74: HAZEL 50 REV, BOX | E74: 46194 | F74: 390 | G74: 190.4487 | H74: 390 | I74: 190.4487 | J74: TUNGGU JADWAL
A75: 71 | B75: 2606/00254 | C75: LOTUS INDAH TEXTILE INDUSTRIES, PT | D75: LAYER LOTUS 535 X 350 | E75: 46190 | F75: 1400 | G75: 113.386 | H75: 1400 | I75: 113.386 | J75: TUNGGU JADWAL
A76: 72 | B76: 2606/00259 | C76: CAHAYA BINTANG PLASTINDO,PT | D76: DUS PACK OTC LUXURY 3P PACK A | E76: 46206 | F76: 1000 | G76: 1666.64 | H76: 1000 | I76: 1666.64 | J76: TUNGGU JADWAL
A77: 73 | B77: 2606/00295 | C77: HOKKAN DELTAPACK INDUSTRI, PT | D77: BOX UK. 530 X 420 X 415 MM | E77: 46234 | F77: 4500 | G77: 3498.66 | H77: 4500 | I77: 3498.66
A78: 74 | B78: 2606/00392 | C78: PLATINUM CERAMICS INDUSTRY, PT | D78: NFT19 40X40 AT DC KW-A K | E78: 46236 | F78: 6800 | G78: 926.772 | H78: 35600 | I78: 4851.924
A79: 75 | B79: 2606/00429 | C79: ETIKA DAIRIES INDONESIA, PT | D79: CARTON BOX DAIRY CHAMP 48 X 480 G NEW HALAL LOGO | E79: 46226 | F79: 1000 | G79: 424.95 | H79: 1000 | I79: 424.95 | J79: TUNGGU JADWAL
A80: 76 | B80: 2606/00434 | C80: DWIMITRA MEGAH SEJAHTERA, PT | D80: NS HEXA CRACKERS 4000 G (12383-1) | E80: 46232 | F80: 700 | G80: 177.555 | H80: 700 | I80: 177.555
A81: 77 | B81: 2606/00437 | C81: DUA KELINCI, PT | D81: (4072663) BOX TIC TAC 80G OPTION 8 VARIAN | E81: 46213 | F81: 1800 | G81: 680.76 | H81: 1800 | I81: 680.76 | J81: TUNGGU JADWAL
A82: 78 | B82: 2606/00450 | C82: EMPAT SEKAWAN MULIA PT. | D82: FILTER (TRY REG) TUMBU TUTUP | E82: 46195 | F82: 200 | G82: 51.956 | H82: 200 | I82: 51.956
A83: 79 | B83: 2606/00529 | C83: SINAR KARYA DUTA ABADI, PT | D83: KARTON BOX UNO EXPORT 30 X 60 | E83: 46235 | F83: 46550 | G83: 6142.738 | H83: 0 | I83: 0
A84: 80 | B84: 2606/00551 | C84: INTERBAT, PT | D84: (S4029001) CARTON R | E84: 46215 | F84: 900 | G84: 97.938 | H84: 900 | I84: 97.938 | J84: LEBIH PRODUKSI
A85: 81 | B85: 2606/00562 | C85: KEONG NUSANTARA ABADI, PT | D85: MY JELLY SK 14 GR X 5 CUPS X 60 BAGS | E85: 46192 | F85: 1480 | G85: 473.2004 | H85: 1480 | I85: 473.2004 | J85: TIDAK SET
A86: 82 | B86: 2606/00621 | C86: SATORIA ANEKA INDUSTRI, PT | D86: KARTON BOX SATORIA PHARMA 500 ML COKLAT (KBXXA03AA25-0002) | E86: 46234 | F86: 22151 | G86: 10563.812 | H86: 1031 | I86: 491.6839
A87: 83 | B87: 2606/00624 | C87: WISMA TIRTA WANGI, CV | D87: AMDK WJ 48 X 220 ML | E87: 46194 | F87: 2320 | G87: 483.1632 | H87: 2320 | I87: 483.1632 | J87: SISA CONTAINER
A88: 84 | B88: 2606/00625 | C88: SOEJASCH BALI, PT | D88: KARTON BOX DOMINOS (POLOS) | E88: 46232 | F88: 4150 | G88: 2256.687 | H88: 4150 | I88: 2256.687 | J88: TUNGGU JADWAL
A89: 85 | B89: 2606/00651 | C89: DINAMIKA MEGATAMA CITRA.PT | D89: BOX DOC PRINT (TUTUP) | E89: 46226 | F89: 2860 | G89: 516.1728 | H89: 800 | I89: 144.384 | J89: LEBIH PRODUKSI
A90: 86 | B90: 2606/00656 | C90: MUTU GADING TEKSTIL, PT | D90: DTY-H LOGO MGT | E90: 46233 | F90: 600 | G90: 759.672 | H90: 600 | I90: 759.672
A91: 87 | B91: 2606/00658 | C91: MUTU GADING TEKSTIL, PT | D91: DTY-HT LOGO MGT | E91: 46233 | F91: 6600 | G91: 8540.928 | H91: 0 | I91: 0
A92: 88 | B92: 2606/00679 | C92: MIFTAKHUL SALAM | D92: SONGKOK NASIONAL HALUS 10 POTONG | E92: 46204 | F92: 300 | G92: 77.496 | H92: 300 | I92: 77.496 | J92: TUNGGU JADWAL
A93: 89 | B93: 2606/00686 | C93: HARTONO ISTANA TEKNOLOGI, PT | D93: GA-177550-AJA10 BOTTOM CARTON WM 8KG W30 (M01) | E93: 46223 | F93: 100 | G93: 18.566 | H93: 100 | I93: 18.566
A94: 90 | B94: 2606/00745 | C94: MASPION, PT | D94: DOOS LUAR EX 1000 (ISI 12) | E94: 46216 | F94: 255 | G94: 110.98365 | H94: 255 | I94: 110.98365 | J94: TUNGGU JADWAL
A95: 91 | B95: 2606/00746 | C95: MASPION, PT | D95: DOOS LUAR EX 1010 BLACKBERRY (ISI 12) | E95: 46231 | F95: 1598 | G95: 676.64114 | H95: 1598 | I95: 676.64114
A96: 92 | B96: 2606/00774 | C96: BAMBANG HERMANTO | D96: BODY BOX SSF GOLD | E96: 46212 | F96: 150 | G96: 76.9965 | H96: 150 | I96: 76.9965 | J96: TIDAK SET
A97: 93 | B97: 2606/00799 | C97: BADRI | D97: AMDK ALAS 220 ML | E97: 46199 | F97: 2000 | G97: 370.84 | H97: 2000 | I97: 370.84 | J97: TUNGGU JADWAL
A98: 94 | B98: 2606/00800 | C98: KARYA REPTIL SENTOSA, PT | D98: BOX TEKEK POLOS | E98: 46233 | F98: 210 | G98: 599.7873 | H98: 210 | I98: 599.7873 | J98: KURANG KIRIM
A99: 95 | B99: 2606/00810 | C99: SUN POWER CERAMICS, PT | D99: 0147 - CARTON COKLAT PORCELAIN LITE SERIES 60 X 60 | E99: 46198 | F99: 90 | G99: 31.5504 | H99: 90 | I99: 31.5504
A100: 96 | B100: 2606/00817 | C100: SURYA CITRA INTI MAKMUR, PT | D100: SAWDUST MERAH | E100: 46231 | F100: 100 | G100: 49.03 | H100: 100 | I100: 49.03 | J100: BELUM KETEMU
A101: 97 | B101: 2606/00819 | C101: SIANTAR TOP TBK, PT | D101: DUS MIE GORENG BBQ 9 GR TEKS JOZOR AL MALAYO KTN/GEM/E/300/06/JORDANIA | E101: 46207 | F101: 1980 | G101: 686.5452 | H101: 1980 | I101: 686.5452
...

Sheet REKAP AGING
A1: REKAP AGING & KETERANGAN STOK (mengikuti format sheet "Aging Stock")
A3: PER KATEGORI UMUR (basis STOK AKHIR)
A4: KATEGORI | B4: QTY (PCS) | C4: QTY (KG) | D4: JML ITEM
A5: <= 5 HARI | B5: =SUMPRODUCT(('STOK STB BJ'!$O$6:$O$302=A5)*'STOK STB BJ'!$L$6:$L$302) -> 532909 | C5: =SUMPRODUCT(('STOK STB BJ'!$O$6:$O$302=A5)*'STOK STB BJ'!$M$6:$M$302) -> 161629.18 | D5: =SUMPRODUCT(--('STOK STB BJ'!$O$6:$O$302=A5)) -> 88
A6: <= 7 HARI | B6: =SUMPRODUCT(('STOK STB BJ'!$O$6:$O$302=A6)*'STOK STB BJ'!$L$6:$L$302) -> 36949 | C6: =SUMPRODUCT(('STOK STB BJ'!$O$6:$O$302=A6)*'STOK STB BJ'!$M$6:$M$302) -> 14536.381 | D6: =SUMPRODUCT(--('STOK STB BJ'!$O$6:$O$302=A6)) -> 22
A7: <= 14 HARI | B7: =SUMPRODUCT(('STOK STB BJ'!$O$6:$O$302=A7)*'STOK STB BJ'!$L$6:$L$302) -> 54323 | C7: =SUMPRODUCT(('STOK STB BJ'!$O$6:$O$302=A7)*'STOK STB BJ'!$M$6:$M$302) -> 19420.616 | D7: =SUMPRODUCT(--('STOK STB BJ'!$O$6:$O$302=A7)) -> 39
A8: > 14 HARI | B8: =SUMPRODUCT(('STOK STB BJ'!$O$6:$O$302=A8)*'STOK STB BJ'!$L$6:$L$302) -> 152305 | C8: =SUMPRODUCT(('STOK STB BJ'!$O$6:$O$302=A8)*'STOK STB BJ'!$M$6:$M$302) -> 43070.652 | D8: =SUMPRODUCT(--('STOK STB BJ'!$O$6:$O$302=A8)) -> 114
A9: <=150pc & <=10kg | B9: =SUMPRODUCT(('STOK STB BJ'!$O$6:$O$302=A9)*'STOK STB BJ'!$L$6:$L$302) -> 14 | C9: =SUMPRODUCT(('STOK STB BJ'!$O$6:$O$302=A9)*'STOK STB BJ'!$M$6:$M$302) -> 1.90148 | D9: =SUMPRODUCT(--('STOK STB BJ'!$O$6:$O$302=A9)) -> 34
A10: TANPA TGL | B10: =SUMPRODUCT(('STOK STB BJ'!$O$6:$O$302=A10)*'STOK STB BJ'!$L$6:$L$302) -> 0 | C10: =SUMPRODUCT(('STOK STB BJ'!$O$6:$O$302=A10)*'STOK STB BJ'!$M$6:$M$302) -> 0 | D10: =SUMPRODUCT(--('STOK STB BJ'!$O$6:$O$302=A10)) -> 0
A11: TOTAL | B11: =SUM(B5:B10) -> 776500 | C11: =SUM(C5:C10) -> 238658.73 | D11: =SUM(D5:D10) -> 297
A13: PER KETERANGAN (basis STOK AKHIR)
A14: KETERANGAN | B14: QTY (PCS) | C14: QTY (KG) | D14: JML ITEM
A15: AMBIL SENDIRI | B15: =SUMIF('STOK STB BJ'!$P$6:$P$302,A15,'STOK STB BJ'!$L$6:$L$302) -> 6260 | C15: =SUMIF('STOK STB BJ'!$P$6:$P$302,A15,'STOK STB BJ'!$M$6:$M$302) -> 1307.7914 | D15: =COUNTIF('STOK STB BJ'!$P$6:$P$302,A15) -> 4
A16: SISA CONTAINER | B16: =SUMIF('STOK STB BJ'!$P$6:$P$302,A16,'STOK STB BJ'!$L$6:$L$302) -> 119646 | C16: =SUMIF('STOK STB BJ'!$P$6:$P$302,A16,'STOK STB BJ'!$M$6:$M$302) -> 27921.999 | D16: =COUNTIF('STOK STB BJ'!$P$6:$P$302,A16) -> 24
A17: TUNGGU CONTAINER | B17: =SUMIF('STOK STB BJ'!$P$6:$P$302,A17,'STOK STB BJ'!$L$6:$L$302) -> 0 | C17: =SUMIF('STOK STB BJ'!$P$6:$P$302,A17,'STOK STB BJ'!$M$6:$M$302) -> 0 | D17: =COUNTIF('STOK STB BJ'!$P$6:$P$302,A17) -> 0
A18: LEBIH PRODUKSI | B18: =SUMIF('STOK STB BJ'!$P$6:$P$302,A18,'STOK STB BJ'!$L$6:$L$302) -> 48404 | C18: =SUMIF('STOK STB BJ'!$P$6:$P$302,A18,'STOK STB BJ'!$M$6:$M$302) -> 18759.474 | D18: =COUNTIF('STOK STB BJ'!$P$6:$P$302,A18) -> 29
A19: KURANG KIRIM | B19: =SUMIF('STOK STB BJ'!$P$6:$P$302,A19,'STOK STB BJ'!$L$6:$L$302) -> 10090 | C19: =SUMIF('STOK STB BJ'!$P$6:$P$302,A19,'STOK STB BJ'!$M$6:$M$302) -> 5002.1531 | D19: =COUNTIF('STOK STB BJ'!$P$6:$P$302,A19) -> 12
A20: REVISI | B20: =SUMIF('STOK STB BJ'!$P$6:$P$302,A20,'STOK STB BJ'!$L$6:$L$302) -> 0 | C20: =SUMIF('STOK STB BJ'!$P$6:$P$302,A20,'STOK STB BJ'!$M$6:$M$302) -> 0 | D20: =COUNTIF('STOK STB BJ'!$P$6:$P$302,A20) -> 0
A21: TUNGGU JADWAL | B21: =SUMIF('STOK STB BJ'!$P$6:$P$302,A21,'STOK STB BJ'!$L$6:$L$302) -> 87224 | C21: =SUMIF('STOK STB BJ'!$P$6:$P$302,A21,'STOK STB BJ'!$M$6:$M$302) -> 28674.023 | D21: =COUNTIF('STOK STB BJ'!$P$6:$P$302,A21) -> 68
A22: TIDAK SET | B22: =SUMIF('STOK STB BJ'!$P$6:$P$302,A22,'STOK STB BJ'!$L$6:$L$302) -> 4915 | C22: =SUMIF('STOK STB BJ'!$P$6:$P$302,A22,'STOK STB BJ'!$M$6:$M$302) -> 4441.6505 | D22: =COUNTIF('STOK STB BJ'!$P$6:$P$302,A22) -> 9
A23: BELUM KETEMU | B23: =SUMIF('STOK STB BJ'!$P$6:$P$302,A23,'STOK STB BJ'!$L$6:$L$302) -> 465 | C23: =SUMIF('STOK STB BJ'!$P$6:$P$302,A23,'STOK STB BJ'!$M$6:$M$302) -> 319.463 | D23: =COUNTIF('STOK STB BJ'!$P$6:$P$302,A23) -> 3
A24: TANPA KETERANGAN | B24: =SUM('STOK STB BJ'!$L$6:$L$302)-SUM(B15:B23) -> 499496 | C24: =SUM('STOK STB BJ'!$M$6:$M$302)-SUM(C15:C23) -> 152232.18 | D24: =COUNTA('STOK STB BJ'!$B$6:$B$302)-SUM(D15:D23) -> 148
A25: TOTAL | B25: =SUM(B15:B24) -> 776500 | C25: =SUM(C15:C24) -> 238658.73 | D25: =SUM(D15:D24) -> 297

Sheet CATATAN
A1: CATATAN & ASUMSI
A3: Sumber data | B3: BOX_AGUSTUS.xlsx, sheet "BOX" (DAILY STOCK BOX), baris 7 s/d 5122
A4: STOK AWAL | B4: Kolom Q/R "SALDO AWAL" = posisi stok gudang per 01 Agustus 2026
A5: STOK AKHIR | B5: Kolom EM/EN "SALDO AKHIR" = SALDO AWAL + STB harian - DLV harian (terisi s/d 03 Agu 2026)
A6: Validasi 1 | B6: Total STOK AWAL = 758.966 pc / 240.491,44 kg — sama dengan baris total sheet BOX
A7: Validasi 2 | B7: Total STOK AKHIR = 776.500 pc / 238.658,73 kg — sama dengan sheet "Aging Stock" (update 03 Agu 2026)
A8: Filter baris | B8: Hanya baris yang punya CUSTOMER dan stok awal atau stok akhir <> 0 (297 baris)
A9: NO. OP | B9: Diambil dari kolom M (NO. OP aktif); bila kosong dipakai kolom J (NO. OP LAMA). Ini yang dipetakan ke cNoSc di database
A10: Baris ganda | B10: Beberapa NO. OP muncul >1 baris di sheet detail (beda lokasi/batch). Sudah dijumlahkan di sheet REKAP PER OP
A11: Untuk import DB | B11: Pakai sheet REKAP PER OP. Kolom kunci: NO. OP (cNoSc) + STOK AWAL (PC) atau STOK AKHIR (PC)
A12: Mana yang dipakai? | B12: STOK AWAL bila transaksi STB/DLV Agustus tetap dijalankan dari database. STOK AKHIR bila database di-reset per 03 Agu 2026
A13: WAJIB | B13: Backup tabel stok di database sebelum replace — lihat file import_stok_stb_bj.sql
